0.7082047,0.5,0.705996,0.5,0.013423919677734375
0.705996,0.5,0.7039542,0.5,0.026023387908935547
0.7039542,0.5,0.70206547,0.5,0.038504838943481445
0.70206547,0.5,0.700317,0.5,0.05098319053649902
0.700317,0.5,0.69869685,0.5,0.06341147422790527
0.69869685,0.5,0.6971941,0.5,0.07666850090026855
0.6971941,0.5,0.6957987,0.5,0.08920860290527344
0.6957987,0.5,0.6945015,0.5,0.1021270751953125
0.6945015,0.5,0.6932941,0.5,0.11651945114135742
0.6932941,0.5,0.6921686,0.5,0.12985873222351074
0.6921686,0.5,0.6911177,0.5,0.1432046890258789
0.6911177,0.5,0.690135,0.5,0.15657329559326172
0.690135,0.5,0.6892144,0.5,0.16945600509643555
0.6892144,0.5,0.6883503,0.5,0.18214821815490723
0.6883503,0.5,0.68753755,0.5,0.19469308853149414
0.68753755,0.5,0.68677145,0.5,0.20732450485229492
0.68677145,0.5,0.6860477,0.5,0.21985864639282227
0.6860477,0.5,0.6853622,0.5,0.23240900039672852
0.6853622,0.5,0.6847114,0.5,0.2448878288269043
0.6847114,0.5,0.6840919,0.5,0.25743818283081055
0.6840919,0.5,0.6835006,0.5,0.2699704170227051
0.6835006,0.5,0.6829346,0.5,0.28332042694091797
0.6829346,0.5,0.6823912,0.5,0.2961390018463135
0.6823912,0.5,0.68186826,0.5,0.3090987205505371
0.68186826,0.5,0.6813632,0.5,0.3221590518951416
0.6813632,0.5,0.6808742,0.5,0.3351473808288574
0.6808742,0.5,0.68039936,0.5,0.3482799530029297
0.68039936,0.5,0.67993677,0.5,0.36139869689941406
0.67993677,0.5,0.679485,0.5,0.3741610050201416
0.679485,0.5,0.67904246,0.5,0.386934757232666
0.67904246,0.5,0.67860776,0.5,0.3994917869567871
0.67860776,0.5,0.67817974,0.5,0.4119446277618408
0.67817974,0.5,0.67775714,0.5,0.42455339431762695
0.67775714,0.5,0.67733896,0.5,0.4371011257171631
0.67733896,0.5,0.676924,0.5,0.44958925247192383
0.676924,0.5,0.6765114,0.5,0.4620819091796875
0.6765114,0.5,0.6761004,0.5,0.474534273147583
0.6761004,0.5,0.67568994,0.5,0.487933874130249
0.67568994,0.5,0.67527956,0.5,0.5004856586456299
0.67527956,0.5,0.6748682,0.5,0.5135185718536377
0.6748682,0.5,0.6744555,0.5,0.5264489650726318
0.6744555,0.5,0.6740407,0.5,0.5394771099090576
0.6740407,0.5,0.67362314,0.5,0.5524365901947021
0.67362314,0.5,0.6732023,0.5,0.565514326095581
0.6732023,0.5,0.67277753,0.5,0.5784645080566406
0.67277753,0.5,0.6723486,0.5,0.5910348892211914
0.6723486,0.5,0.67191476,0.5,0.6040799617767334
0.67191476,0.5,0.6714756,0.5,0.6172575950622559
0.6714756,1.0,0.67103064,1.0,0.6298818588256836
0.67103064,1.0,0.67057955,1.0,0.6424903869628906
0.67057955,1.0,0.6701218,1.0,0.6551671028137207
0.6701218,1.0,0.669657,1.0,0.6677274703979492
0.669657,1.0,0.6691848,1.0,0.6801385879516602
0.6691848,1.0,0.66870475,1.0,0.6935060024261475
0.66870475,1.0,0.66821635,1.0,0.7060415744781494
0.66821635,1.0,0.6677195,1.0,0.7191746234893799
0.6677195,1.0,0.6672135,1.0,0.732105016708374
0.6672135,1.0,0.6666982,1.0,0.7451293468475342
0.6666982,1.0,0.6661732,1.0,0.7580339908599854
0.6661732,1.0,0.66563797,1.0,0.7712569236755371
0.66563797,1.0,0.66509223,1.0,0.784153938293457
0.66509223,1.0,0.66453564,1.0,0.7967278957366943
0.66453564,1.0,0.6639677,1.0,0.8092641830444336
0.6639677,1.0,0.6633882,1.0,0.8217999935150146
0.6633882,1.0,0.6627966,1.0,0.8343527317047119
0.6627966,1.0,0.6621925,1.0,0.8468441963195801
0.6621925,1.0,0.6615757,1.0,0.8593776226043701
0.6615757,1.0,0.6609454,1.0,0.8754220008850098
0.6609454,1.0,0.66030157,1.0,0.8890626430511475
0.66030157,1.0,0.65964365,1.0,0.9031291007995605
0.65964365,1.0,0.6589712,1.0,0.9167909622192383
0.6589712,1.0,0.6582837,1.0,0.9301817417144775
0.6582837,1.0,0.65758085,1.0,0.9434106349945068
0.65758085,1.0,0.656862,1.0,0.9562880992889404
0.656862,1.0,0.6561269,1.0,0.96919846534729
0.6561269,1.0,0.6553749,1.0,0.982079267501831
0.6553749,1.0,0.65460557,1.0,0.9948585033416748
0.65460557,1.0,0.65381837,1.0,1.0074117183685303
0.65381837,1.0,0.65301275,1.0,1.0198500156402588
0.65301275,1.0,0.65218824,1.0,1.0323190689086914
0.65218824,1.0,0.6513443,1.0,1.0447914600372314
0.6513443,1.0,0.6504803,1.0,1.0572149753570557
0.6504803,1.0,0.64959556,1.0,1.06965970993042
0.64959556,1.0,0.6486896,1.0,1.082136869430542
0.6486896,1.0,0.647762,1.0,1.094534158706665
0.647762,1.0,0.6468117,1.0,1.1077816486358643
0.6468117,1.0,0.6458384,1.0,1.120253324508667
0.6458384,1.0,0.6448412,1.0,1.1331255435943604
0.6448412,1.0,0.6438196,1.0,1.1460208892822266
0.6438196,1.0,0.64277273,1.0,1.1591012477874756
0.64277273,1.0,0.6416999,1.0,1.1721055507659912
0.6416999,1.0,0.64060044,1.0,1.185344934463501
0.64060044,1.0,0.63947344,1.0,1.1982080936431885
0.63947344,1.0,0.63831824,1.0,1.2107646465301514
0.63831824,1.0,0.63713396,1.0,1.2232651710510254
0.63713396,1.0,0.6359197,1.0,1.2357447147369385
0.6359197,1.0,0.63467467,1.0,1.2482051849365234
0.63467467,1.0,0.63339806,1.0,1.260692834854126
0.63339806,1.0,0.63219464,1.0,1.2732064723968506
0.63219464,1.0,0.631883,1.0,1.2857863903045654
0.631883,1.0,0.63052535,1.0,1.298266887664795
0.63052535,1.0,0.62913346,1.0,1.3107445240020752
0.62913346,1.0,0.62770617,1.0,1.3239498138427734
0.62770617,1.0,0.6270488,1.0,1.3364629745483398
0.6270488,1.0,0.6260588,1.0,1.3498656749725342
0.6260588,1.0,0.6245327,1.0,1.362971305847168
0.6245327,1.0,0.62296915,1.0,1.375967025756836
0.62296915,1.0,0.6219926,1.0,1.3890631198883057
0.6219926,1.0,0.6212014,1.0,1.401930332183838
0.6212014,1.0,0.61952436,1.0,1.414797067642212
0.61952436,1.0,0.61780787,1.0,1.4273521900177002
0.61780787,1.0,0.61682713,1.0,1.4398789405822754
0.61682713,1.0,0.61588836,1.0,1.4523341655731201
0.61588836,1.0,0.61404437,1.0,1.4647722244262695
0.61404437,1.0,0.6121593,1.0,1.4771854877471924
0.6121593,1.0,0.61148924,1.0,1.4896364212036133
0.61148924,1.0,0.61005795,1.0,1.5021114349365234
0.61005795,1.0,0.60803163,1.0,1.5145657062530518
0.60803163,1.0,0.6061461,1.0,1.5269811153411865
0.6061461,1.0,0.60579777,1.0,1.540360450744629
0.60579777,1.0,0.60361993,1.0,1.553757905960083
0.60361993,1.0,0.60139966,1.0,1.5668256282806396
0.60139966,1.0,0.6004666,1.0,1.5797674655914307
0.6004666,1.0,0.59893,1.0,1.5927491188049316
0.59893,1.0,0.5965442,1.0,1.6056668758392334
0.5965442,1.0,0.5947176,1.0,1.6185433864593506
0.5947176,1.0,0.59390163,1.0,1.6313676834106445
0.59390163,1.0,0.59134066,1.0,1.6438372135162354
0.59134066,1.0,0.5888101,1.0,1.656238317489624
0.5888101,1.0,0.58850646,1.0,1.668811559677124
0.58850646,1.0,0.58576113,1.0,1.6812448501586914
0.58576113,1.0,0.5829734,1.0,1.6937861442565918
0.5829734,1.0,0.5823815,1.0,1.706254243850708
0.5823815,1.0,0.5798273,1.0,1.7187871932983398
0.5798273,1.0,0.57684016,1.0,1.7312312126159668
0.57684016,1.0,0.57585263,1.0,1.7437663078308105
0.57585263,1.0,0.5734638,1.0,1.7571229934692383
0.5734638,1.0,0.57026863,1.0,1.770291805267334
0.57026863,1.0,0.5690906,1.0,1.7832167148590088
0.5690906,1.0,0.5666442,1.0,1.7962250709533691
0.5666442,1.0,0.56323314,1.0,1.8091280460357666
0.56323314,1.0,0.5620677,1.0,1.822021245956421
0.5620677,1.0,0.5593439,1.0,1.8347828388214111
0.5593439,1.0,0.5557096,1.0,1.8476417064666748
0.5557096,1.0,0.55475813,1.0,1.8600945472717285
0.55475813,1.0,0.5515401,1.0,1.872591257095337
0.5515401,1.0,0.5477148,1.0,1.8852312564849854
0.5477148,1.0,0.5471977,1.0,1.8978650569915771
0.5471977,1.0,0.54313534,1.0,1.9104037284851074
0.54313534,1.0,0.54007894,1.0,1.9229092597961426
0.54007894,1.0,0.5384906,1.0,1.935359001159668
0.5384906,1.0,0.5341989,1.0,1.947829008102417
0.5341989,1.0,0.5320735,1.0,1.9611241817474365
0.5320735,1.0,0.52924174,1.0,1.974142074584961
0.52924174,1.0,0.5247167,1.0,1.9870758056640625
0.5247167,1.0,0.5236857,1.0,2.000145196914673
0.5236857,1.0,0.51943934,1.0,2.013160467147827
0.51943934,1.0,0.5157469,1.0,2.026219606399536
0.5157469,1.0,0.51395756,1.0,2.0390470027923584
0.51395756,1.0,0.50897455,1.0,2.0519137382507324
0.50897455,1.0,0.5069592,1.0,2.0644431114196777
0.5069592,1.0,0.5031702,1.0,2.0769190788269043
0.5031702,1.0,0.49868172,1.0,2.089378595352173
0.49868172,1.0,0.49715272,1.0,2.101857900619507
0.49715272,1.0,0.4917243,1.0,2.114899158477783
0.4917243,1.0,0.48945826,1.0,2.127683162689209
0.48945826,1.0,0.4853951,1.0,2.140263319015503
0.4853951,1.0,0.48083532,1.0,2.1530916690826416
0.48083532,1.0,0.4788528,1.0,2.1667256355285645
0.4788528,1.0,0.4730048,1.0,2.1797938346862793
0.4730048,1.0,0.4711721,1.0,2.192694902420044
0.4711721,1.0,0.4661759,1.0,2.205742835998535
0.4661759,1.0,0.46221942,1.0,2.2187860012054443
0.46221942,1.0,0.45914316,1.0,2.2317328453063965
0.45914316,1.0,0.45329887,1.0,2.244577407836914
0.45329887,1.0,0.4519084,1.0,2.257539987564087
0.4519084,1.0,0.44547144,1.0,2.2701854705810547
0.44547144,1.0,0.44326317,1.0,2.2827374935150146
0.44326317,1.0,0.43802083,1.0,2.295228958129883
0.43802083,1.0,0.43403202,1.0,2.307896852493286
0.43403202,1.0,0.4303906,1.0,2.3204548358917236
0.4303906,1.0,0.4248712,1.0,2.3329455852508545
0.4248712,1.0,0.4225887,1.0,2.345459222793579
0.4225887,1.0,0.41577482,1.0,2.357980489730835
0.41577482,1.0,0.41462624,1.0,2.3714163303375244
0.41462624,1.0,0.40756527,1.0,2.384507417678833
0.40756527,1.0,0.40553734,1.0,2.3974757194519043
0.40553734,1.0,0.3995309,1.0,2.4105117321014404
0.3995309,1.0,0.39618465,1.0,2.4236879348754883
0.39618465,1.0,0.39136893,1.0,2.436572551727295
0.39136893,1.0,0.38696182,1.0,2.449493646621704
0.38696182,1.0,0.3830937,1.0,2.462571144104004
0.3830937,1.0,0.3778618,1.0,2.475111722946167
0.3778618,1.0,0.374722,1.0,2.4876620769500732
0.374722,1.0,0.36888137,1.0,2.5001370906829834
0.36888137,1.0,0.3662724,1.0,2.512666940689087
0.3662724,1.0,0.36001855,1.0,2.525226354598999
0.36001855,1.0,0.35776472,1.0,2.5377461910247803
0.35776472,1.0,0.35127378,1.0,2.5502803325653076
0.35127378,1.0,0.34921914,1.0,2.5627503395080566
0.34921914,1.0,0.34264863,1.0,2.576111316680908
0.34264863,1.0,0.34065628,1.0,2.589099884033203
0.34065628,1.0,0.33414567,1.0,2.60211443901062
0.33414567,1.0,0.33209628,1.0,2.615859270095825
0.33209628,1.0,0.3257683,1.0,2.628398895263672
0.3257683,1.0,0.32355887,1.0,2.6409265995025635
0.32355887,1.0,0.31752005,1.0,2.653522253036499
0.31752005,1.0,0.3150629,1.0,2.6661250591278076
0.3150629,1.0,0.30940512,1.0,2.678664445877075
0.30940512,1.0,0.3066269,1.0,2.6911404132843018
0.3066269,1.0,0.30142722,1.0,2.7036046981811523
0.30142722,1.0,0.29826796,1.0,2.7160215377807617
0.29826796,1.0,0.29359055,1.0,2.728505849838257
0.29359055,1.0,0.2900019,1.0,2.740974187850952
0.2900019,1.0,0.28589904,1.0,2.75339412689209
0.28589904,1.0,0.28184384,1.0,2.765941619873047
0.28184384,1.0,0.27835625,1.0,2.7784013748168945
0.27835625,1.0,0.2738072,1.0,2.7925047874450684
0.2738072,1.0,0.27096528,1.0,2.804967164993286
0.27096528,1.0,0.26590416,1.0,2.8174095153808594
0.26590416,1.0,0.2637291,1.0,2.8299288749694824
0.2637291,1.0,0.2581457,1.0,2.8424487113952637
0.2581457,1.0,0.2566502,1.0,2.854918956756592
0.2566502,1.0,0.25054148,1.0,2.8674283027648926
0.25054148,1.0,0.24973066,1.0,2.8799211978912354
0.24973066,1.0,0.24359477,1.0,2.892382860183716
0.24359477,1.0,0.24257666,1.0,2.9051060676574707
0.24257666,1.0,0.23741245,1.0,2.917776346206665
0.23741245,1.0,0.23488638,1.0,2.9303672313690186
0.23488638,1.0,0.23128106,1.0,2.94283127784729
0.23128106,1.0,0.22749913,1.0,2.9553096294403076
0.22749913,1.0,0.22522491,1.0,2.967770576477051
0.22522491,1.0,0.22038557,1.0,2.9801371097564697
0.22038557,1.0,0.2192638,1.0,2.9925949573516846
0.2192638,1.0,0.21388592,1.0,3.0050384998321533
0.21388592,1.0,0.21312864,1.0,3.017561435699463
0.21312864,1.0,0.20855337,1.0,3.030064344406128
0.20855337,1.0,0.20607394,1.0,3.042565107345581
0.20607394,1.0,0.2032423,1.0,3.055142402648926
0.2032423,1.0,0.19938952,1.0,3.067704916000366
0.19938952,1.0,0.19798236,1.0,3.080164670944214
0.19798236,1.0,0.19317244,1.0,3.0925984382629395
0.19317244,1.0,0.19270697,1.0,3.105087995529175
0.19270697,1.0,0.18845533,1.0,3.1178171634674072
0.18845533,1.0,0.1861913,1.0,3.130352020263672
0.1861913,1.0,0.18374075,1.0,3.1428277492523193
0.18374075,1.0,0.18007886,1.0,3.1552927494049072
0.18007886,1.0,0.17906046,1.0,3.1677632331848145
0.17906046,1.0,0.17475227,1.0,3.18019437789917
0.17475227,1.0,0.17403807,1.0,3.192676067352295
0.17403807,1.0,0.17056024,1.0,3.2051944732666016
0.17056024,1.0,0.16813733,1.0,3.2176806926727295
0.16813733,1.0,0.16636398,1.0,3.2302346229553223
0.16636398,1.0,0.16263513,1.0,3.2428126335144043
0.16263513,1.0,0.16219462,1.0,3.255269765853882
0.16219462,1.0,0.15834294,1.0,3.267832040786743
0.15834294,1.0,0.15723497,1.0,3.280287742614746
0.15723497,1.0,0.15461645,1.0,3.2928953170776367
0.15461645,1.0,0.1519512,1.0,3.3054635524749756
0.1519512,1.0,0.1508832,1.0,3.318018674850464
0.1508832,1.0,0.14738247,1.0,3.330491542816162
0.14738247,1.0,0.14686696,1.0,3.342937469482422
0.14686696,1.0,0.14401901,1.0,3.3553686141967773
0.14401901,1.0,0.14189664,1.0,3.367788553237915
0.14189664,1.0,0.14063519,1.0,3.380263328552246
0.14063519,1.0,0.13743472,1.0,3.3927505016326904
0.13743472,1.0,0.13716981,1.0,3.4052610397338867
0.13716981,1.0,0.13437544,1.0,3.4177956581115723
0.13437544,1.0,0.13254869,1.0,3.4303042888641357
0.13254869,1.0,0.13129087,1.0,3.442887306213379
0.13129087,1.0,0.12835701,1.0,3.45615291595459
0.12835701,1.0,0.12818529,1.0,3.468785285949707
0.12818529,1.0,0.12556404,1.0,3.481336832046509
0.12556404,1.0,0.12391603,1.0,3.4938948154449463
0.12391603,1.0,0.12274435,1.0,3.5064098834991455
0.12274435,1.0,0.120051436,1.0,3.5189108848571777
0.120051436,1.0,0.11990329,1.0,3.5313656330108643
0.11990329,1.0,0.11749671,1.0,3.5438337326049805
0.11749671,1.0,0.11597225,1.0,3.556299924850464
0.11597225,1.0,0.11491534,1.0,3.5688400268554688
0.11491534,1.0,0.11244196,1.0,3.5813426971435547
0.11244196,1.0,0.11228873,1.0,3.5938689708709717
0.11228873,1.0,0.11010215,1.0,3.6063318252563477
0.11010215,1.0,0.108674735,1.0,3.6189026832580566
0.108674735,1.0,0.10773671,1.0,3.6314871311187744
0.10773671,1.0,0.105463795,1.0,3.6440508365631104
0.105463795,1.0,0.10529608,1.0,3.6566379070281982
0.10529608,1.0,0.10331875,1.0,3.6691606044769287
0.10331875,1.0,0.1019757,1.0,3.6816658973693848
0.1019757,1.0,0.10114941,1.0,3.6941747665405273
0.10114941,1.0,0.099059515,1.0,3.706634759902954
0.099059515,1.0,0.09887661,1.0,3.7191762924194336
0.09887661,1.0,0.09709139,1.0,3.731670618057251
0.09709139,1.0,0.09582588,1.0,3.7442288398742676
0.09582588,1.0,0.09510018,1.0,3.756734609603882
0.09510018,1.0,0.093177274,1.0,3.769287347793579
0.093177274,1.0,0.092981964,1.0,3.7818291187286377
0.092981964,1.0,0.09136972,1.0,3.794377088546753
0.09136972,1.0,0.09017783,1.0,3.806889295578003
0.09017783,1.0,0.08954041,1.0,3.819378137588501
0.08954041,1.0,0.087769896,1.0,3.8318567276000977
0.087769896,1.0,0.08756647,1.0,3.8443424701690674
0.08756647,1.0,0.086107984,1.0,3.85678768157959
0.086107984,1.0,0.08498711,1.0,3.8692846298217773
0.08498711,1.0,0.08442578,1.0,3.8817391395568848
0.08442578,1.0,0.08279401,1.0,3.8942859172821045
0.08279401,1.0,0.082586855,1.0,3.9067652225494385
0.082586855,1.0,0.081264466,1.0,3.9192843437194824
0.081264466,1.0,0.08021223,1.0,3.9319167137145996
0.08021223,1.0,0.07971598,1.0,3.9444658756256104
0.07971598,1.0,0.078210585,1.0,3.9569385051727295
0.078210585,1.0,0.0780036,1.0,3.9694197177886963
0.0780036,1.0,0.076801084,1.0,3.982020378112793
0.076801084,1.0,0.075815305,1.0,3.994513988494873
0.075815305,1.0,0.07537393,1.0,4.006967782974243
0.07537393,1.0,0.073983625,1.0,4.019389867782593
0.073983625,1.0,0.07378061,1.0,4.031833648681641
0.07378061,1.0,0.0726832,1.0,4.044261932373047
0.0726832,1.0,0.07176167,1.0,4.056759834289551
0.07176167,1.0,0.07136628,1.0,4.069275617599487
0.07136628,1.0,0.0700808,1.0,4.081781387329102
0.0700808,1.0,0.06988491,1.0,4.094364404678345
0.06988491,1.0,0.06887946,1.0,4.106873512268066
0.06887946,1.0,0.06801982,1.0,4.119689464569092
0.06801982,1.0,0.067662776,1.0,4.132499933242798
0.067662776,1.0,0.06647275,1.0,4.145159482955933
0.06647275,1.0,0.06628649,1.0,4.15792989730835
0.06628649,1.0,0.06536139,1.0,4.170730113983154
0.06536139,1.0,0.064561434,1.0,4.183359384536743
0.064561434,1.0,0.06423584,1.0,4.195878982543945
0.06423584,1.0,0.06313272,1.0,4.208437919616699
0.06313272,1.0,0.06295831,1.0,4.221168279647827
0.06295831,1.0,0.062103413,1.0,4.233697891235352
0.062103413,1.0,0.06136054,1.0,4.246236562728882
0.06136054,1.0,0.061060898,1.0,4.25879168510437
0.061060898,1.0,0.060036935,1.0,4.271383285522461
0.060036935,1.0,0.059875764,1.0,4.28402853012085
0.059875764,1.0,0.059082143,1.0,4.296624422073364
0.059082143,1.0,0.05839395,1.0,4.309061288833618
0.05839395,1.0,0.05811517,1.0,4.321630477905273
0.05811517,1.0,0.05716362,1.0,4.334151029586792
0.05716362,1.0,0.057016946,1.0,4.3466386795043945
0.057016946,1.0,0.056276895,1.0,4.359050750732422
0.056276895,1.0,0.05564069,1.0,4.371495246887207
0.05564069,1.0,0.055378757,1.0,4.383829355239868
0.055378757,1.0,0.054493234,1.0,4.396215438842773
0.054493234,1.0,0.05436189,1.0,4.408566951751709
0.05436189,1.0,0.053668536,1.0,4.420870304107666
0.053668536,1.0,0.05308193,1.0,4.433199644088745
0.05308193,1.0,0.05283323,1.0,4.445581912994385
0.05283323,1.0,0.052008096,1.0,4.457996129989624
0.052008096,1.0,0.05189263,1.0,4.470390319824219
0.05189263,1.0,0.051240154,1.0,4.482788324356079
0.051240154,1.0,0.050700746,1.0,4.495163440704346
0.050700746,1.0,0.05046222,1.0,4.5076117515563965
0.05046222,1.0,0.049692348,1.0,4.519995450973511
0.049692348,1.0,0.049593024,1.0,4.532360315322876
0.049593024,1.0,0.048976168,1.0,4.544834852218628
0.048976168,1.0,0.048481554,1.0,4.557297945022583
0.048481554,1.0,0.048250798,1.0,4.569728374481201
0.048250798,1.0,0.047531612,1.0,4.582139492034912
0.047531612,1.0,0.04744856,1.0,4.594555377960205
0.04744856,1.0,0.046862856,1.0,4.6069159507751465
0.046862856,1.0,0.04641065,1.0,4.619392156600952
0.04641065,1.0,0.046185598,1.0,4.631866931915283
0.046185598,1.0,0.045512766,1.0,4.644255638122559
0.045512766,1.0,0.045446023,1.0,4.6566667556762695
0.045446023,1.0,0.044887565,1.0,4.6691553592681885
0.044887565,1.0,0.04447555,1.0,4.681605577468872
0.04447555,1.0,0.044254355,1.0,4.694047451019287
0.044254355,1.0,0.043624192,1.0,4.706458330154419
0.043624192,1.0,0.04357354,1.0,4.718897581100464
0.04357354,1.0,0.04303892,1.0,4.731282949447632
0.04303892,1.0,0.042664792,1.0,4.743914604187012
0.042664792,1.0,0.042446196,1.0,4.7563018798828125
0.042446196,1.0,0.04185526,1.0,4.768760442733765
0.04185526,1.0,0.041820273,1.0,4.781320810317993
0.041820273,1.0,0.041306674,1.0,4.793816328048706
0.041306674,1.0,0.040968467,1.0,4.806192398071289
0.040968467,1.0,0.040751174,1.0,4.818738222122192
0.040751174,1.0,0.040196218,1.0,4.831151723861694
0.040196218,1.0,0.040176768,1.0,4.843576908111572
0.040176768,1.0,0.039681494,1.0,4.8559300899505615
0.039681494,1.0,0.039377224,1.0,4.868304014205933
0.039377224,1.0,0.039160192,1.0,4.880680561065674
0.039160192,1.0,0.038638532,1.0,4.893197298049927
0.038638532,1.0,0.03863416,1.0,4.905626058578491
0.03863416,1.0,0.038154915,1.0,4.91807746887207
0.038154915,1.0,0.037882704,1.0,4.930480480194092
0.037882704,1.0,0.037665207,1.0,4.9429075717926025
0.037665207,1.0,0.0371838,1.0,4.955349922180176
0.0371838,1.0,0.037172467,1.0,4.967869281768799
0.037172467,1.0,0.036685,1.0,4.980210781097412
0.036685,1.0,0.03652405,1.0,4.992586374282837
0.03652405,1.0,0.036231022,1.0,5.004917144775391
0.036231022,1.0,0.03585355,1.0,5.0174031257629395
0.03585355,1.0,0.03577295,1.0,5.029853582382202
0.03577295,1.0,0.035316728,1.0,5.042302846908569
0.035316728,1.0,0.035224557,1.0,5.05481219291687
0.035224557,1.0,0.034892567,1.0,5.067284107208252
0.034892567,1.0,0.03458557,1.0,5.079728126525879
0.03458557,1.0,0.034464087,1.0,5.092218637466431
0.034464087,1.0,0.0340352,1.0,5.10470986366272
0.0340352,1.0,0.033988193,1.0,5.1173014640808105
0.033988193,1.0,0.033637233,1.0,5.129920482635498
0.033637233,1.0,0.03338132,1.0,5.142382621765137
0.03338132,1.0,0.033234727,1.0,5.154870986938477
0.033234727,1.0,0.03283052,1.0,5.167389154434204
0.03283052,1.0,0.032815088,1.0,5.17983341217041
0.032815088,1.0,0.032455835,1.0,5.192250490188599
0.032455835,1.0,0.032239724,1.0,5.2047059535980225
0.032239724,1.0,0.03207679,1.0,5.217126369476318
0.03207679,1.0,0.031701367,1.0,5.229580640792847
0.031701367,1.0,0.03169549,1.0,5.242207765579224
0.03169549,1.0,0.031316258,1.0,5.254742383956909
0.031316258,1.0,0.031192757,1.0,5.267282724380493
0.031192757,1.0,0.030963115,1.0,5.2798752784729
0.030963115,1.0,0.03067391,1.0,5.292417287826538
0.03067391,1.0,0.030606978,1.0,5.30489444732666
0.030606978,1.0,0.03025025,1.0,5.317399501800537
0.03025025,1.0,0.030186497,1.0,5.329962968826294
0.030186497,1.0,0.029918965,1.0,5.342471599578857
0.029918965,1.0,0.029689504,1.0,5.3549580574035645
0.029689504,1.0,0.029584425,1.0,5.367457151412964
0.029584425,1.0,0.029247686,1.0,5.379937648773193
0.029247686,1.0,0.029224306,1.0,5.392421245574951
0.029224306,1.0,0.028935451,1.0,5.404937267303467
0.028935451,1.0,0.028749917,1.0,5.417526960372925
0.028749917,1.0,0.02861988,1.0,5.430033445358276
0.02861988,1.0,0.028304014,1.0,5.442548513412476
0.028304014,1.0,0.028302569,1.0,5.455066680908203
0.028302569,1.0,0.027985666,1.0,5.467589378356934
0.027985666,1.0,0.02788248,1.0,5.480000257492065
0.02788248,1.0,0.027690785,1.0,5.49250864982605
0.027690785,1.0,0.02745124,1.0,5.504991769790649
0.02745124,1.0,0.02739365,1.0,5.517452001571655
0.02739365,1.0,0.027094677,1.0,5.5298919677734375
0.027094677,1.0,0.027045798,1.0,5.54253363609314
0.027045798,1.0,0.02681723,1.0,5.555038690567017
0.02681723,1.0,0.026631188,1.0,5.5675365924835205
0.026631188,1.0,0.026537083,1.0,5.579969882965088
0.026537083,1.0,0.026254032,1.0,5.592536449432373
0.026254032,1.0,0.026242878,1.0,5.605077743530273
0.026242878,1.0,0.025991831,1.0,5.6177637577056885
0.025991831,1.0,0.02584564,1.0,5.630370140075684
0.02584564,1.0,0.025726948,1.0,5.642881870269775
0.025726948,1.0,0.025471147,1.0,5.655478000640869
0.025471147,1.0,0.025460556,1.0,5.6680827140808105
0.025460556,1.0,0.025193281,1.0,5.680644512176514
0.025193281,1.0,0.0251171,1.0,5.693144798278809
0.0251171,1.0,0.024944818,1.0,5.705617666244507
0.024944818,1.0,0.024754046,1.0,5.71817421913147
0.024754046,1.0,0.024694324,1.0,5.730660915374756
0.024694324,1.0,0.024441395,1.0,5.743168354034424
0.024441395,1.0,0.024412777,1.0,5.755700349807739
0.024412777,1.0,0.024206903,1.0,5.768195152282715
0.024206903,1.0,0.024062805,1.0,5.780733585357666
0.024062805,1.0,0.023970217,1.0,5.7934019565582275
0.023970217,1.0,0.023731641,1.0,5.805985689163208
0.023731641,1.0,0.023732252,1.0,5.818535566329956
0.023732252,1.0,0.023493417,1.0,5.8310441970825195
0.023493417,1.0,0.023418112,1.0,5.843650817871094
0.023418112,1.0,0.02327119,1.0,5.85610294342041
0.02327119,1.0,0.02309598,1.0,5.868544101715088
0.02309598,1.0,0.023047399,1.0,5.880992889404297
0.023047399,1.0,0.022820968,1.0,5.893519401550293
0.022820968,1.0,0.022792825,1.0,5.906020641326904
0.022792825,1.0,0.02261104,1.0,5.918537616729736
0.02261104,1.0,0.022481311,1.0,5.931023359298706
0.022481311,1.0,0.022399206,1.0,5.9435272216796875
0.022399206,1.0,0.022185825,1.0,5.956078290939331
0.022185825,1.0,0.022186428,1.0,5.968705177307129
0.022186428,1.0,0.021972213,1.0,5.981325626373291
0.021972213,1.0,0.021906113,1.0,5.993898391723633
0.021906113,1.0,0.021773027,1.0,6.006510972976685
0.021773027,1.0,0.021618199,1.0,6.019084930419922
0.021618199,1.0,0.021572435,1.0,6.031634330749512
0.021572435,1.0,0.021369025,1.0,6.044041872024536
0.021369025,1.0,0.021347191,1.0,6.056560754776001
0.021347191,1.0,0.021180559,1.0,6.069099187850952
0.021180559,1.0,0.021068266,1.0,6.081681728363037
0.021068266,1.0,0.020990457,1.0,6.094168186187744
0.020990457,1.0,0.020803139,1.0,6.106738805770874
0.020803139,1.0,0.020799447,1.0,6.119505882263184
0.020799447,1.0,0.02060665,1.0,6.1321985721588135
0.02060665,1.0,0.020552222,1.0,6.144937753677368
0.020552222,1.0,0.02042749,1.0,6.157748699188232
0.02042749,1.0,0.020293474,1.0,6.170485973358154
0.020293474,1.0,0.020247072,1.0,6.183069944381714
0.020247072,1.0,0.020063758,1.0,6.195605516433716
0.020063758,1.0,0.020050047,1.0,6.208003282546997
0.020050047,1.0,0.019893898,1.0,6.220513343811035
0.019893898,1.0,0.019798994,1.0,6.233020544052124
0.019798994,1.0,0.019722665,1.0,6.245528936386108
0.019722665,1.0,0.019560065,1.0,6.258082866668701
0.019560065,1.0,0.01955055,1.0,6.2705979347229
0.01955055,1.0,0.01937636,1.0,6.283280372619629
0.01937636,1.0,0.01933399,1.0,6.295992851257324
0.01933399,1.0,0.019214638,1.0,6.308583974838257
0.019214638,1.0,0.019100593,1.0,6.321109056472778
0.019100593,1.0,0.019051742,1.0,6.333585500717163
0.019051742,1.0,0.018885825,1.0,6.3461573123931885
0.018885825,1.0,0.018880848,1.0,6.358619213104248
0.018880848,1.0,0.018732265,1.0,6.371187925338745
0.018732265,1.0,0.01865401,1.0,6.3837056159973145
0.01865401,1.0,0.018577358,1.0,6.3962016105651855
0.018577358,1.0,0.018437717,1.0,6.408726215362549
0.018437717,1.0,0.018421821,1.0,6.421284198760986
0.018421821,1.0,0.018263819,1.0,6.433753252029419
0.018263819,1.0,0.018233271,1.0,6.446200847625732
0.018233271,1.0,0.018117277,1.0,6.458697080612183
0.018117277,1.0,0.018021772,1.0,6.471357583999634
0.018021772,1.0,0.017969755,1.0,6.483877897262573
0.017969755,1.0,0.017819572,1.0,6.496473073959351
0.017819572,1.0,0.017821679,1.0,6.509025812149048
0.017821679,1.0,0.01767166,1.0,6.521550893783569
0.01767166,1.0,0.01762785,1.0,6.534142971038818
0.01762785,1.0,0.01753223,1.0,6.546599388122559
0.01753223,1.0,0.017429475,1.0,6.559053897857666
0.017429475,1.0,0.01739207,1.0,6.57154107093811
0.01739207,1.0,0.017248882,1.0,6.584011793136597
0.017248882,1.0,0.017242461,1.0,6.596492052078247
0.017242461,1.0,0.017116366,1.0,6.608935832977295
0.017116366,1.0,0.01704882,1.0,6.621673583984375
0.01704882,1.0,0.016982943,1.0,6.634247064590454
0.016982943,1.0,0.016863575,1.0,6.6467320919036865
0.016863575,1.0,0.01684886,1.0,6.6594557762146
0.01684886,1.0,0.01671244,1.0,6.672069549560547
0.01671244,1.0,0.01668848,1.0,6.684699296951294
0.01668848,1.0,0.01658589,1.0,6.697218179702759
0.01658589,1.0,0.016506886,1.0,6.709836721420288
0.016506886,1.0,0.016458504,1.0,6.722496747970581
0.016458504,1.0,0.016332839,1.0,6.735016345977783
0.016332839,1.0,0.01633076,1.0,6.747548580169678
0.01633076,1.0,0.016200822,1.0,6.759959936141968
0.016200822,1.0,0.016167877,1.0,6.772486686706543
0.016167877,1.0,0.016080145,1.0,6.785067796707153
0.016080145,1.0,0.015996791,1.0,6.797577857971191
0.015996791,1.0,0.015958935,1.0,6.810062646865845
0.015958935,1.0,0.01583467,1.0,6.822574138641357
0.01583467,1.0,0.015835546,1.0,6.835092544555664
0.015835546,1.0,0.01571982,1.0,6.847588062286377
0.01571982,1.0,0.015668167,1.0,6.859977960586548
0.015668167,1.0,0.0156042,1.0,6.872421026229858
0.0156042,1.0,0.0155078275,1.0,6.885028123855591
0.0155078275,1.0,0.015487993,1.0,6.897577524185181
0.015487993,1.0,0.015369341,1.0,6.910069704055786
0.015369341,1.0,0.015356195,1.0,6.92259955406189
0.015356195,1.0,0.01525944,1.0,6.935087203979492
0.01525944,1.0,0.015198702,1.0,6.9476237297058105
0.015198702,1.0,0.015148837,1.0,6.960010051727295
0.015148837,1.0,0.015047446,1.0,6.972510099411011
0.015047446,1.0,0.015037773,1.0,6.985123634338379
0.015037773,1.0,0.014924501,1.0,6.997627019882202
0.014924501,1.0,0.014904159,1.0,7.0101354122161865
0.014904159,1.0,0.014819452,1.0,7.0226099491119385
0.014819452,1.0,0.01475529,1.0,7.035146236419678
0.01475529,1.0,0.014713882,1.0,7.0476319789886475
0.014713882,1.0,0.01461197,1.0,7.0600080490112305
0.01461197,1.0,0.014607916,1.0,7.072481155395508
0.014607916,1.0,0.014499793,1.0,7.085124254226685
0.014499793,1.0,0.014476222,1.0,7.0976269245147705
0.014476222,1.0,0.014399549,1.0,7.110189914703369
0.014399549,1.0,0.014335001,1.0,7.122896671295166
0.014335001,1.0,0.014298787,1.0,7.135478258132935
0.014298787,1.0,0.014198987,1.0,7.147953033447266
0.014198987,1.0,0.014197695,1.0,7.1606056690216064
0.014197695,1.0,0.014094551,1.0,7.173183917999268
0.014094551,1.0,0.014069967,1.0,7.185709714889526
0.014069967,1.0,0.013998768,1.0,7.198247909545898
0.013998768,1.0,0.013935706,1.0,7.210704326629639
0.013935706,1.0,0.01390265,1.0,7.223260402679443
0.01390265,1.0,0.01380631,1.0,7.235816478729248
0.01380631,1.0,0.013806203,1.0,7.2483038902282715
0.013806203,1.0,0.013707689,1.0,7.2607338428497314
0.013707689,1.0,0.013683552,1.0,7.273258209228516
0.013683552,1.0,0.013616318,1.0,7.285892724990845
0.013616318,1.0,0.0135557335,1.0,7.298521995544434
0.0135557335,1.0,0.0135245565,1.0,7.311047077178955
0.0135245565,1.0,0.013432378,1.0,7.32350754737854
0.013432378,1.0,0.013432469,1.0,7.335979461669922
0.013432469,1.0,0.013338352,1.0,7.348480224609375
0.013338352,1.0,0.01331548,1.0,7.3610124588012695
0.01331548,1.0,0.013251046,1.0,7.373518228530884
0.013251046,1.0,0.013193527,1.0,7.386004209518433
0.013193527,1.0,0.0131632965,1.0,7.398486137390137
0.0131632965,1.0,0.0130758695,1.0,7.411130905151367
0.0130758695,1.0,0.013075397,1.0,7.423841714859009
0.013075397,1.0,0.012985446,1.0,7.43630576133728
0.012985446,1.0,0.0129643055,1.0,7.448806285858154
0.0129643055,1.0,0.012902036,1.0,7.4613707065582275
0.012902036,1.0,0.012847934,1.0,7.4738929271698
0.012847934,1.0,0.012818243,1.0,7.486472845077515
0.012818243,1.0,0.0127354525,1.0,7.499042272567749
0.0127354525,1.0,0.012734188,1.0,7.51162052154541
0.012734188,1.0,0.012648108,1.0,7.524202346801758
0.012648108,1.0,0.012628933,1.0,7.536687612533569
0.012628933,1.0,0.012568306,1.0,7.549209833145142
0.012568306,1.0,0.012517799,1.0,7.561715841293335
0.012517799,1.0,0.012488181,1.0,7.574195146560669
0.012488181,1.0,0.012410324,1.0,7.5867249965667725
0.012410324,1.0,0.012407854,1.0,7.599205017089844
0.012407854,1.0,0.012325415,1.0,7.6116509437561035
0.012325415,1.0,0.012308439,1.0,7.624295711517334
0.012308439,1.0,0.0122491075,1.0,7.636916875839233
0.0122491075,1.0,0.012202136,1.0,7.649612903594971
0.012202136,1.0,0.0121724205,1.0,7.664015531539917
0.0121724205,1.0,0.012099262,1.0,7.678962230682373
0.012099262,1.0,0.012095475,1.0,7.693050384521484
0.012095475,1.0,0.012016559,1.0,7.705709934234619
0.012016559,1.0,0.012001839,1.0,7.719334363937378
0.012001839,1.0,0.011943456,1.0,7.731904029846191
0.011943456,1.0,0.011900079,1.0,7.744364023208618
0.011900079,1.0,0.011870032,1.0,7.756847620010376
0.011870032,1.0,0.0118015185,1.0,7.769357681274414
0.0118015185,1.0,0.011796353,1.0,7.781899929046631
0.011796353,1.0,0.011720611,1.0,7.794408082962036
0.011720611,1.0,0.011708264,1.0,7.807745695114136
0.011708264,1.0,0.011650598,1.0,7.8203253746032715
0.011650598,1.0,0.011610759,1.0,7.8332085609436035
0.011610759,1.0,0.011580208,1.0,7.847890138626099
0.011580208,1.0,0.011516338,1.0,7.861530780792236
0.011516338,1.0,0.011509622,1.0,7.875340461730957
0.011509622,1.0,0.011436995,1.0,7.88938570022583
0.011436995,1.0,0.011427021,1.0,7.9039998054504395
0.011427021,1.0,0.011369839,1.0,7.9170451164245605
0.011369839,1.0,0.0113334805,1.0,7.930651664733887
0.0113334805,1.0,0.011302369,1.0,7.943178653717041
0.011302369,1.0,0.011242852,1.0,7.955647706985474
0.011242852,1.0,0.011234703,1.0,7.96810245513916
0.011234703,1.0,0.011164956,1.0,7.980599403381348
0.011164956,1.0,0.011157237,1.0,7.993058204650879
0.011157237,1.0,0.011100484,1.0,8.005654096603394
0.011100484,1.0,0.011067489,1.0,8.018338441848755
0.011067489,1.0,0.011035758,1.0,8.030852556228638
0.011035758,1.0,0.010980656,1.0,8.045921564102173
0.010980656,1.0,0.01097078,1.0,8.059127807617188
0.01097078,1.0,0.010903858,1.0,8.073564052581787
0.010903858,1.0,0.010898393,1.0,8.087041854858398
0.010898393,1.0,0.010841895,1.0,8.100598812103271
0.010841895,1.0,0.010812264,1.0,8.114136219024658
0.010812264,1.0,0.010779739,1.0,8.12718939781189
0.010779739,1.0,0.01072876,1.0,8.140663623809814
0.01072876,1.0,0.010717392,1.0,8.153254747390747
0.010717392,1.0,0.010652998,1.0,8.165871620178223
0.010652998,1.0,0.010649847,1.0,8.178593397140503
0.010649847,1.0,0.01059355,1.0,8.191131353378296
0.01059355,1.0,0.010567166,1.0,8.203595876693726
0.010567166,1.0,0.01053379,1.0,8.216061353683472
0.01053379,1.0,0.010486875,1.0,8.228572368621826
0.010486875,1.0,0.010473899,1.0,8.241130352020264
0.010473899,1.0,0.010411978,1.0,8.25414514541626
0.010411978,1.0,0.010411081,1.0,8.269320726394653
0.010411081,1.0,0.010354808,1.0,8.282835006713867
0.010354808,1.0,0.010331554,1.0,8.296687126159668
0.010331554,1.0,0.010297328,1.0,8.311437129974365
0.010297328,1.0,0.010254361,1.0,8.324989318847656
0.010254361,1.0,0.0102397185,1.0,8.337960243225098
0.0102397185,1.0,0.010180152,1.0,8.351027011871338
0.010180152,1.0,0.010181509,1.0,8.363559007644653
0.010181509,1.0,0.010125145,1.0,8.3760085105896
0.010125145,1.0,0.010104964,1.0,8.388573169708252
0.010104964,1.0,0.01006995,1.0,8.401120901107788
0.01006995,1.0,0.010030695,1.0,8.413655757904053
0.010030695,1.0,0.010014504,1.0,8.42613697052002
0.010014504,1.0,0.00995847,1.0,8.438604354858398
0.00995847,1.0,0.009959048,1.0,8.45105242729187
0.009959048,1.0,0.009901836,1.0,8.464174509048462
0.009901836,1.0,0.009889967,1.0,8.47705364227295
0.009889967,1.0,0.009848867,1.0,8.489858865737915
0.009848867,1.0,0.0098180985,1.0,8.502774000167847
0.0098180985,1.0,0.009795826,1.0,8.515872716903687
0.009795826,1.0,0.009748157,1.0,8.529284238815308
0.009748157,1.0,0.009742599,1.0,8.542160511016846
0.009742599,1.0,0.009687626,1.0,8.555216073989868
0.009687626,1.0,0.009682013,1.0,8.567798852920532
0.009682013,1.0,0.009636827,1.0,8.580220699310303
0.009636827,1.0,0.009612426,1.0,8.592692136764526
0.009612426,1.0,0.009585779,1.0,8.605115413665771
0.009585779,1.0,0.009544887,1.0,8.617575645446777
0.009544887,1.0,0.009534663,1.0,8.630159854888916
0.009534663,1.0,0.009481753,1.0,8.64262580871582
0.009481753,1.0,0.009480923,1.0,8.655034065246582
0.009480923,1.0,0.009432828,1.0,8.667695999145508
0.009432828,1.0,0.009413739,1.0,8.680986404418945
0.009413739,1.0,0.009383834,1.0,8.693873643875122
0.009383834,1.0,0.009348366,1.0,8.706794738769531
0.009348366,1.0,0.009334594,1.0,8.719715356826782
0.009334594,1.0,0.00928469,1.0,8.732648611068726
0.00928469,1.0,0.009285405,1.0,8.745561599731445
0.009285405,1.0,0.009234557,1.0,8.75831651687622
0.009234557,1.0,0.009224315,1.0,8.77117657661438
0.009224315,1.0,0.009187501,1.0,8.783836364746094
0.009187501,1.0,0.0091608185,1.0,8.796286344528198
0.0091608185,1.0,0.009140376,1.0,8.808740615844727
0.009140376,1.0,0.009099019,1.0,8.82122278213501
0.009099019,1.0,0.009093067,1.0,8.833675861358643
0.009093067,1.0,0.009044105,1.0,8.84623908996582
0.009044105,1.0,0.009040592,1.0,8.858681440353394
0.009040592,1.0,0.008998928,1.0,8.87116289138794
0.008998928,1.0,0.008979031,1.0,8.884510040283203
0.008979031,1.0,0.008953564,1.0,8.897238492965698
0.008953564,1.0,0.008919107,1.0,8.910363912582397
0.008919107,1.0,0.008908134,1.0,8.923218727111816
0.008908134,1.0,0.008860883,1.0,8.936025857925415
0.008860883,1.0,0.00886251,1.0,8.948797464370728
0.00886251,1.0,0.00881735,1.0,8.961644411087036
0.00881735,1.0,0.008802883,1.0,8.974443912506104
0.008802883,1.0,0.008773689,1.0,8.986831903457642
0.008773689,1.0,0.008744837,1.0,8.99931812286377
0.008744837,1.0,0.008729903,1.0,9.01180624961853
0.008729903,1.0,0.008688196,1.0,9.024406671524048
0.008688196,1.0,0.008686051,1.0,9.036921262741089
0.008686051,1.0,0.008640627,1.0,9.049469947814941
0.008640627,1.0,0.008634543,1.0,9.06197714805603
0.008634543,1.0,0.008598731,1.0,9.074436664581299
0.008598731,1.0,0.008578083,1.0,9.086874008178711
0.008578083,1.0,0.008556651,1.0,9.100227117538452
0.008556651,1.0,0.008522967,1.0,9.11365532875061
0.008522967,1.0,0.008514504,1.0,9.126813173294067
0.008514504,1.0,0.008470734,1.0,9.139792203903198
0.008470734,1.0,0.008470969,1.0,9.152697324752808
0.008470969,1.0,0.0084303655,1.0,9.166016101837158
0.0084303655,1.0,0.008416091,1.0,9.179001808166504
0.008416091,1.0,0.008389872,1.0,9.191969871520996
0.008389872,1.0,0.008362561,1.0,9.204562664031982
0.008362561,1.0,0.0083493125,1.0,9.217108249664307
0.0083493125,1.0,0.008310321,1.0,9.22968602180481
0.008310321,1.0,0.008308629,1.0,9.242193222045898
0.008308629,1.0,0.008266452,1.0,9.254711151123047
0.008266452,1.0,0.008260857,1.0,9.267177104949951
0.008260857,1.0,0.008227547,1.0,9.279621124267578
0.008227547,1.0,0.008208678,1.0,9.292054176330566
0.008208678,1.0,0.008188577,1.0,9.304845809936523
0.008188577,1.0,0.00815779,1.0,9.317860841751099
0.00815779,1.0,0.008149483,1.0,9.330775022506714
0.008149483,1.0,0.008108781,1.0,9.343675136566162
0.008108781,1.0,0.008109745,1.0,9.356799364089966
0.008109745,1.0,0.008071347,1.0,9.369822978973389
0.008071347,1.0,0.0080589745,1.0,9.382845401763916
0.0080589745,1.0,0.00803373,1.0,9.395750284194946
0.00803373,1.0,0.008009496,1.0,9.408548355102539
0.008009496,1.0,0.007996107,1.0,9.421093940734863
0.007996107,1.0,0.007961072,1.0,9.433544158935547
0.007961072,1.0,0.007958421,1.0,9.446030139923096
0.007958421,1.0,0.007919194,1.0,9.458491802215576
0.007919194,1.0,0.007915327,1.0,9.470943450927734
0.007915327,1.0,0.007883108,1.0,9.483396053314209
0.007883108,1.0,0.007867024,1.0,9.495803356170654
0.007867024,1.0,0.007846841,1.0,9.508146524429321
0.007846841,1.0,0.007819776,1.0,9.521466970443726
0.007819776,1.0,0.0078105666,1.0,9.534443855285645
0.0078105666,1.0,0.0077736443,1.0,9.547549724578857
0.0077736443,1.0,0.0077741705,1.0,9.560642719268799
0.0077741705,1.0,0.007736539,1.0,9.573767185211182
0.007736539,1.0,0.0077299057,1.0,9.586793422698975
0.0077299057,1.0,0.007701685,1.0,9.599833250045776
0.007701685,1.0,0.0076837167,1.0,9.61277437210083
0.0076837167,1.0,0.0076668262,1.0,9.625364303588867
0.0076668262,1.0,0.0076385248,1.0,9.637988805770874
0.0076385248,1.0,0.0076319035,1.0,9.650496006011963
0.0076319035,1.0,0.0075954534,1.0,9.663257837295532
0.0075954534,1.0,0.0075959703,1.0,9.67588996887207
0.0075959703,1.0,0.007561895,1.0,9.688426733016968
0.007561895,1.0,0.0075509576,1.0,9.700870513916016
0.0075509576,1.0,0.0075282725,1.0,9.714224338531494
0.0075282725,1.0,0.0075068837,1.0,9.727153062820435
0.0075068837,1.0,0.0074945875,1.0,9.740247249603271
0.0074945875,1.0,0.0074638072,1.0,9.753320932388306
0.0074638072,1.0,0.007460898,1.0,9.76628828048706
0.007460898,1.0,0.0074258065,1.0,9.779373168945312
0.0074258065,1.0,0.007423083,1.0,9.792439460754395
0.007423083,1.0,0.007393422,1.0,9.805328607559204
0.007393422,1.0,0.007380009,1.0,9.817880630493164
0.007380009,1.0,0.0073609743,1.0,9.830398321151733
0.0073609743,1.0,0.0073379343,1.0,9.842950820922852
0.0073379343,1.0,0.007328464,1.0,9.855534553527832
0.007328464,1.0,0.007296681,1.0,9.867993116378784
0.007296681,1.0,0.0072959503,1.0,9.880671739578247
0.0072959503,1.0,0.007262158,1.0,9.893471479415894
0.007262158,1.0,0.0072576688,1.0,9.906038999557495
0.0072576688,1.0,0.007230949,1.0,9.919505834579468
0.007230949,1.0,0.007216418,1.0,9.93237042427063
0.007216418,1.0,0.007199618,1.0,9.945372819900513
0.007199618,1.0,0.007176048,1.0,9.958324432373047
0.007176048,1.0,0.0071682837,1.0,9.97130298614502
0.0071682837,1.0,0.007136442,1.0,9.984363317489624
0.007136442,1.0,0.0071370048,1.0,9.997472047805786
0.0071370048,1.0,0.0071043354,1.0,10.010286331176758
0.0071043354,1.0,0.007099143,1.0,10.022818565368652
0.007099143,1.0,0.007074303,1.0,10.035291910171509
0.007074303,1.0,0.00705948,1.0,10.047789335250854
0.00705948,1.0,0.0070441486,1.0,10.060208082199097
0.0070441486,1.0,0.007020699,1.0,10.07271122932434
0.007020699,1.0,0.0070139905,1.0,10.085214614868164
0.0070139905,1.0,0.0069826813,1.0,10.097735404968262
0.0069826813,1.0,0.0069837114,1.0,10.110354900360107
0.0069837114,1.0,0.006952284,1.0,10.123949527740479
0.006952284,1.0,0.0069467425,1.0,10.136983871459961
0.0069467425,1.0,0.00692331,1.0,10.15008020401001
0.00692331,1.0,0.006908668,1.0,10.162755250930786
0.006908668,1.0,0.0068942737,1.0,10.176105737686157
0.0068942737,1.0,0.006871417,1.0,10.188621044158936
0.006871417,1.0,0.0068651754,1.0,10.201132774353027
0.0068651754,1.0,0.006834871,1.0,10.213635683059692
0.006834871,1.0,0.0068360735,1.0,10.226195812225342
0.0068360735,1.0,0.006805769,1.0,10.238835096359253
0.006805769,1.0,0.006800292,1.0,10.25132131576538
0.006800292,1.0,0.006777796,1.0,10.263848066329956
0.006777796,1.0,0.006763689,1.0,10.276394128799438
0.006763689,1.0,0.0067497604,1.0,10.288851261138916
0.0067497604,1.0,0.0067277914,1.0,10.301562547683716
0.0067277914,1.0,0.006721722,1.0,10.314061164855957
0.006721722,1.0,0.0066926,1.0,10.326568603515625
0.0066926,1.0,0.0066937394,1.0,10.339039087295532
0.0066937394,1.0,0.00666444,1.0,10.351555585861206
0.00666444,1.0,0.0066593224,1.0,10.365367650985718
0.0066593224,1.0,0.006637468,1.0,10.378808975219727
0.006637468,1.0,0.0066240733,1.0,10.391278982162476
0.0066240733,1.0,0.0066104922,1.0,10.403854846954346
0.0066104922,1.0,0.006589471,1.0,10.416300773620605
0.006589471,1.0,0.006583455,1.0,10.428806781768799
0.006583455,1.0,0.0065555163,1.0,10.441309928894043
0.0065555163,1.0,0.006556415,1.0,10.45384168624878
0.006556415,1.0,0.0065281214,1.0,10.46643877029419
0.0065281214,1.0,0.0065235393,1.0,10.47899317741394
0.0065235393,1.0,0.00650215,1.0,10.491464138031006
0.00650215,1.0,0.0064895274,1.0,10.503891229629517
0.0064895274,1.0,0.0064760577,1.0,10.51637053489685
0.0064760577,1.0,0.0064562205,1.0,10.528795003890991
0.0064562205,1.0,0.006450022,1.0,10.54120922088623
0.006450022,1.0,0.006423503,1.0,10.553637027740479
0.006423503,1.0,0.006423925,1.0,10.566094160079956
0.006423925,1.0,0.006396697,1.0,10.57854676246643
0.006396697,1.0,0.0063925916,1.0,10.590986251831055
0.0063925916,1.0,0.006371609,1.0,10.603459596633911
0.006371609,1.0,0.006359875,1.0,10.615954399108887
0.006359875,1.0,0.0063464004,1.0,10.628661632537842
0.0063464004,1.0,0.0063276887,1.0,10.641157150268555
0.0063276887,1.0,0.0063212486,1.0,10.653722286224365
0.0063212486,1.0,0.00629609,1.0,10.666506290435791
0.00629609,1.0,0.006296095,1.0,10.679113626480103
0.006296095,1.0,0.0062696943,1.0,10.691642761230469
0.0062696943,1.0,0.006266303,1.0,10.704088687896729
0.006266303,1.0,0.00624549,1.0,10.716541290283203
0.00624549,1.0,0.0062347064,1.0,10.72909426689148
0.0062347064,1.0,0.006221166,1.0,10.741567373275757
0.006221166,1.0,0.0062036384,1.0,10.754049062728882
0.0062036384,1.0,0.0061968397,1.0,10.766515970230103
0.0061968397,1.0,0.00617316,1.0,10.778988122940063
0.00617316,1.0,0.0061725704,1.0,10.791489362716675
0.0061725704,1.0,0.006147116,1.0,10.803908586502075
0.006147116,1.0,0.006144438,1.0,10.816320657730103
0.006144438,1.0,0.0061237374,1.0,10.828828811645508
0.0061237374,1.0,0.0061139027,1.0,10.841331243515015
0.0061139027,1.0,0.0061002383,1.0,10.853801250457764
0.0061002383,1.0,0.006083896,1.0,10.866356372833252
0.006083896,1.0,0.0060767373,1.0,10.87886905670166
0.0060767373,1.0,0.0060544196,1.0,10.891334533691406
0.0060544196,1.0,0.006053235,1.0,10.903814554214478
0.006053235,1.0,0.0060287276,1.0,10.91628909111023
0.0060287276,1.0,0.006026763,1.0,10.928776502609253
0.006026763,1.0,0.006006056,1.0,10.941235542297363
0.006006056,1.0,0.005997229,1.0,10.953677654266357
0.005997229,1.0,0.0059833825,1.0,10.966123580932617
0.0059833825,1.0,0.0059682247,1.0,10.978543281555176
0.0059682247,1.0,0.0059607076,1.0,10.990976333618164
0.0059607076,1.0,0.005939751,1.0,11.00339651107788
0.005939751,1.0,0.005937971,1.0,11.015770196914673
0.005937971,1.0,0.005914174,1.0,11.028125286102295
0.005914174,1.0,0.0059129233,1.0,11.040584564208984
0.0059129233,1.0,0.005892329,1.0,11.05319094657898
0.005892329,1.0,0.0058843913,1.0,11.065850257873535
0.0058843913,1.0,0.0058703627,1.0,11.078456401824951
0.0058703627,1.0,0.005856449,1.0,11.091037511825562
0.005856449,1.0,0.005848395,1.0,11.103554248809814
0.005848395,1.0,0.005828919,1.0,11.116014242172241
0.005828919,1.0,0.0058264853,1.0,11.128715515136719
0.0058264853,1.0,0.0058034575,1.0,11.14125657081604
0.0058034575,1.0,0.0058029797,1.0,11.153735637664795
0.0058029797,1.0,0.00578232,1.0,11.166408061981201
0.00578232,1.0,0.0057754503,1.0,11.178961277008057
0.0057754503,1.0,0.005761062,1.0,11.191494941711426
0.005761062,1.0,0.0057483334,1.0,11.203943490982056
0.0057483334,1.0,0.0057398616,1.0,11.216399908065796
0.0057398616,1.0,0.005721688,1.0,11.228956937789917
0.005721688,1.0,0.0057186005,1.0,11.241424560546875
0.0057186005,1.0,0.0056963423,1.0,11.25399899482727
0.0056963423,1.0,0.0056966366,1.0,11.266504049301147
0.0056966366,1.0,0.0056758537,1.0,11.279159307479858
0.0056758537,1.0,0.0056699333,1.0,11.291749238967896
0.0056699333,1.0,0.0056553036,1.0,11.304201126098633
0.0056553036,1.0,0.005643701,1.0,11.3166983127594
0.005643701,1.0,0.005634752,1.0,11.329197883605957
0.005634752,1.0,0.005617941,1.0,11.341724395751953
0.005617941,1.0,0.0056141997,1.0,11.354207992553711
0.0056141997,1.0,0.005592593,1.0,11.366708040237427
0.005592593,1.0,0.005593719,1.0,11.379138469696045
0.005593719,1.0,0.005572812,1.0,11.39159893989563
0.005572812,1.0,0.005567841,1.0,11.404127359390259
0.005567841,1.0,0.0055529703,1.0,11.417102098464966
0.0055529703,1.0,0.0055424944,1.0,11.429571390151978
0.0055424944,1.0,0.0055330684,1.0,11.442139625549316
0.0055330684,1.0,0.0055175005,1.0,11.454679250717163
0.0055175005,1.0,0.005513165,1.0,11.46718978881836
0.005513165,1.0,0.00549292,1.0,11.47969102859497
0.00549292,1.0,0.00549326,1.0,11.492188453674316
0.00549326,1.0,0.005472364,1.0,11.504674434661865
0.005472364,1.0,0.0054697637,1.0,11.517197370529175
0.0054697637,1.0,0.0054532313,1.0,11.529702425003052
0.0054532313,1.0,0.0054451246,1.0,11.542174100875854
0.0054451246,1.0,0.0054339785,1.0,11.5546715259552
0.0054339785,1.0,0.005420899,1.0,11.567124605178833
0.005420899,1.0,0.005414784,1.0,11.57958698272705
0.005414784,1.0,0.0053970264,1.0,11.591997861862183
0.0053970264,1.0,0.005395529,1.0,11.604505777359009
0.005395529,1.0,0.0053752847,1.0,11.616962909698486
0.0053752847,1.0,0.005374581,1.0,11.629535436630249
0.005374581,1.0,0.005356742,1.0,11.642163038253784
0.005356742,1.0,0.0053505916,1.0,11.65470576286316
0.0053505916,1.0,0.00533814,1.0,11.667312860488892
0.00533814,1.0,0.005327015,1.0,11.679954290390015
0.005327015,1.0,0.0053195357,1.0,11.692521095275879
0.0053195357,1.0,0.0053039105,1.0,11.705087184906006
0.0053039105,1.0,0.0053009307,1.0,11.717604398727417
0.0053009307,1.0,0.0052813375,1.0,11.730134725570679
0.0052813375,1.0,0.0052820574,1.0,11.742725133895874
0.0052820574,1.0,0.005263386,1.0,11.755218029022217
0.005263386,1.0,0.005258836,1.0,11.767720699310303
0.005258836,1.0,0.0052453736,1.0,11.780157566070557
0.0052453736,1.0,0.005235968,1.0,11.792829990386963
0.005235968,1.0,0.005227361,1.0,11.80546522140503
0.005227361,1.0,0.0052134534,1.0,11.817992210388184
0.0052134534,1.0,0.0052092867,1.0,11.830524682998657
0.0052092867,1.0,0.005191293,1.0,11.844369649887085
0.005191293,1.0,0.0051912717,1.0,11.856837749481201
0.0051912717,1.0,0.0051723304,1.0,11.8693687915802
0.0051723304,1.0,0.0051704473,1.0,11.881903409957886
0.0051704473,1.0,0.0051549682,1.0,11.89443564414978
0.0051549682,1.0,0.005148229,1.0,11.906961679458618
0.005148229,1.0,0.005137546,1.0,11.91942024230957
0.005137546,1.0,0.0051262463,1.0,11.931902885437012
0.0051262463,1.0,0.0051201233,1.0,11.944389581680298
0.0051201233,1.0,0.005104677,1.0,11.956876039505005
0.005104677,1.0,0.005102699,1.0,11.969297885894775
0.005102699,1.0,0.005084291,1.0,11.981844186782837
0.005084291,1.0,0.005084424,1.0,11.994320154190063
0.005084424,1.0,0.0050674607,1.0,12.00686240196228
0.0050674607,1.0,0.0050627366,1.0,12.019385814666748
0.0050627366,1.0,0.00505063,1.0,12.031875371932983
0.00505063,1.0,0.0050414633,1.0,12.044460535049438
0.0050414633,1.0,0.0050336793,1.0,12.057018518447876
0.0050336793,1.0,0.0050204843,1.0,12.069584131240845
0.0050204843,1.0,0.005016787,1.0,12.08254337310791
0.005016787,1.0,0.0049998006,1.0,12.095171451568604
0.0049998006,1.0,0.0049999533,1.0,12.107751369476318
0.0049999533,1.0,0.004982137,1.0,12.120262622833252
0.004982137,1.0,0.004980377,1.0,12.132977485656738
0.004980377,1.0,0.004965839,1.0,12.14570665359497
0.004965839,1.0,0.004959576,1.0,12.158291816711426
0.004959576,1.0,0.0049494794,1.0,12.171013832092285
0.0049494794,1.0,0.00493907,1.0,12.183610200881958
0.00493907,1.0,0.0049331784,1.0,12.196162462234497
0.0049331784,1.0,0.004918977,1.0,12.208658456802368
0.004918977,1.0,0.004916818,1.0,12.22116994857788
0.004916818,1.0,0.004899595,1.0,12.233775854110718
0.004899595,1.0,0.0048999693,1.0,12.246312618255615
0.0048999693,1.0,0.004883828,1.0,12.258870840072632
0.004883828,1.0,0.0048797587,1.0,12.271377325057983
0.0048797587,1.0,0.004868001,1.0,12.283894062042236
0.004868001,1.0,0.0048597846,1.0,12.296595573425293
0.0048597846,1.0,0.0048521734,1.0,12.30917239189148
0.0048521734,1.0,0.004840224,1.0,12.322786569595337
0.004840224,1.0,0.0048363446,1.0,12.335384130477905
0.0048363446,1.0,0.0048208404,1.0,12.347901582717896
0.0048208404,1.0,0.0048204563,1.0,12.360407829284668
0.0048204563,1.0,0.0048038256,1.0,12.372863531112671
0.0048038256,1.0,0.0048026615,1.0,12.385313749313354
0.0048026615,1.0,0.0047885315,1.0,12.397770881652832
0.0047885315,1.0,0.0047832197,1.0,12.410255193710327
0.0047832197,1.0,0.004773236,1.0,12.422796487808228
0.004773236,1.0,0.004764013,1.0,12.43526291847229
0.004764013,1.0,0.0047578807,1.0,12.44770622253418
0.0047578807,1.0,0.004745102,1.0,12.460094928741455
0.004745102,1.0,0.004742524,1.0,12.472607612609863
0.004742524,1.0,0.0047264867,1.0,12.485164403915405
0.0047264867,1.0,0.0047271675,1.0,12.497600317001343
0.0047271675,1.0,0.0047111297,1.0,12.510116577148438
0.0047111297,1.0,0.0047090193,1.0,12.522597074508667
0.0047090193,1.0,0.0046962486,1.0,12.53514838218689
0.0046962486,1.0,0.0046902862,1.0,12.547612190246582
0.0046902862,1.0,0.0046814256,1.0,12.560041904449463
0.0046814256,1.0,0.004671789,1.0,12.572503805160522
0.004671789,1.0,0.0046666022,1.0,12.584998369216919
0.0046666022,1.0,0.0046535875,1.0,12.597455501556396
0.0046535875,1.0,0.0046517784,1.0,12.609915256500244
0.0046517784,1.0,0.0046360963,1.0,12.622323989868164
0.0046360963,1.0,0.0046365354,1.0,12.634935140609741
0.0046365354,1.0,0.0046216883,1.0,12.647453546524048
0.0046216883,1.0,0.0046182163,1.0,12.659899950027466
