0.78650314,0.0,0.7847619,0.0,0.013829231262207031
0.7847619,0.0,0.7830136,0.0,0.025011062622070312
0.7830136,0.0,0.7812586,0.0,0.03614091873168945
0.7812586,0.0,0.7794972,0.0,0.047252655029296875
0.7794972,0.0,0.7777298,0.0,0.05827212333679199
0.7777298,0.0,0.77595675,0.0,0.06935405731201172
0.77595675,0.0,0.7741784,0.0,0.08034706115722656
0.7741784,0.0,0.77239513,0.0,0.09133410453796387
0.77239513,0.0,0.7706073,0.0,0.10234665870666504
0.7706073,0.0,0.76881516,0.0,0.11335444450378418
0.76881516,0.0,0.7670193,0.0,0.1243429183959961
0.7670193,0.0,0.7652198,0.0,0.13536405563354492
0.7652198,0.0,0.76341736,0.0,0.14670491218566895
0.76341736,0.0,0.7616122,0.0,0.15812134742736816
0.7616122,0.0,0.7598047,0.0,0.1696021556854248
0.7598047,0.0,0.75799537,0.0,0.18118047714233398
0.75799537,0.0,0.7561844,0.0,0.19276762008666992
0.7561844,0.0,0.7543722,0.0,0.20431041717529297
0.7543722,0.0,0.7525594,0.0,0.21576881408691406
0.7525594,0.0,0.7507462,0.0,0.22711920738220215
0.7507462,0.0,0.74893296,0.0,0.2381587028503418
0.74893296,0.0,0.74712026,0.0,0.24912071228027344
0.74712026,0.0,0.7453084,0.0,0.2603487968444824
0.7453084,0.0,0.74349755,0.0,0.27147340774536133
0.74349755,0.0,0.7416884,0.0,0.2826519012451172
0.7416884,0.0,0.7398812,0.0,0.2937655448913574
0.7398812,0.0,0.7380763,0.0,0.304995059967041
0.7380763,0.0,0.73627424,0.0,0.3160436153411865
0.73627424,0.0,0.73447514,0.0,0.3271040916442871
0.73447514,0.0,0.7326795,0.0,0.33805203437805176
0.7326795,0.0,0.7308876,0.0,0.3492157459259033
0.7308876,0.0,0.72909987,0.0,0.3602628707885742
0.72909987,0.0,0.7273166,0.0,0.37125492095947266
0.7273166,0.0,0.7255383,0.0,0.38228607177734375
0.7255383,0.0,0.72376496,0.0,0.3932833671569824
0.72376496,0.0,0.72199714,0.0,0.4043416976928711
0.72199714,0.0,0.72023505,0.0,0.41539859771728516
0.72023505,0.0,0.71847916,0.0,0.426433801651001
0.71847916,0.0,0.7167295,0.0,0.43744683265686035
0.7167295,0.0,0.71498656,0.0,0.4484214782714844
0.71498656,0.0,0.71325064,0.0,0.4594106674194336
0.71325064,0.0,0.71152186,0.0,0.47038936614990234
0.71152186,0.0,0.7098005,0.0,0.4813661575317383
0.7098005,0.0,0.7080869,0.0,0.4923686981201172
0.7080869,0.0,0.7063813,0.0,0.5033416748046875
0.7063813,0.0,0.70468384,0.0,0.5143129825592041
0.70468384,0.0,0.70299464,0.0,0.5252907276153564
0.70299464,0.0,0.7013141,0.0,0.5362052917480469
0.7013141,0.0,0.6996423,0.0,0.547217607498169
0.6996423,0.0,0.69797945,0.0,0.558154821395874
0.69797945,0.0,0.6963256,0.0,0.5690960884094238
0.6963256,0.0,0.6946811,0.0,0.5800356864929199
0.6946811,1.0,0.693046,1.0,0.5909757614135742
0.693046,1.0,0.6914203,1.0,0.6019191741943359
0.6914203,1.0,0.68980443,1.0,0.6129248142242432
0.68980443,1.0,0.6881983,1.0,0.6239256858825684
0.6881983,1.0,0.686602,1.0,0.6348931789398193
0.686602,1.0,0.68501556,1.0,0.645838737487793
0.68501556,1.0,0.68343925,1.0,0.6568236351013184
0.68343925,1.0,0.6818729,1.0,0.6679790019989014
0.6818729,1.0,0.6803168,1.0,0.6789376735687256
0.6803168,1.0,0.6787709,1.0,0.6898937225341797
0.6787709,1.0,0.677235,1.0,0.7008483409881592
0.677235,1.0,0.67570937,1.0,0.7117996215820312
0.67570937,1.0,0.67419404,1.0,0.7227776050567627
0.67419404,1.0,0.672689,1.0,0.7337188720703125
0.672689,1.0,0.67119414,1.0,0.7448170185089111
0.67119414,1.0,0.66970956,1.0,0.7558290958404541
0.66970956,1.0,0.6682351,1.0,0.7668089866638184
0.6682351,1.0,0.66677076,1.0,0.777747392654419
0.66677076,1.0,0.66531646,1.0,0.7887563705444336
0.66531646,1.0,0.6638724,1.0,0.7997362613677979
0.6638724,1.0,0.6624383,1.0,0.810809850692749
0.6624383,1.0,0.6610141,1.0,0.822429895401001
0.6610141,1.0,0.6595998,1.0,0.8333797454833984
0.6595998,1.0,0.6581953,1.0,0.8444058895111084
0.6581953,1.0,0.6568005,1.0,0.8555161952972412
0.6568005,1.0,0.6554154,1.0,0.8665115833282471
0.6554154,1.0,0.65403974,1.0,0.8774664402008057
0.65403974,1.0,0.6526736,1.0,0.8884644508361816
0.6526736,1.0,0.6513169,1.0,0.8994293212890625
0.6513169,1.0,0.64996934,1.0,0.9104170799255371
0.64996934,1.0,0.64863104,1.0,0.921377420425415
0.64863104,1.0,0.6473018,1.0,0.9323844909667969
0.6473018,1.0,0.64598143,1.0,0.9433445930480957
0.64598143,1.0,0.64467,1.0,0.9547629356384277
0.64467,1.0,0.64336723,1.0,0.9658441543579102
0.64336723,1.0,0.64207315,1.0,0.9777686595916748
0.64207315,1.0,0.6407877,1.0,0.9888195991516113
0.6407877,1.0,0.6395105,1.0,0.9998512268066406
0.6395105,1.0,0.6382418,1.0,1.0109024047851562
0.6382418,1.0,0.6369812,1.0,1.021906852722168
0.6369812,1.0,0.63572884,1.0,1.0329163074493408
0.63572884,1.0,0.6344843,1.0,1.043942928314209
0.6344843,1.0,0.63324785,1.0,1.0549225807189941
0.63324785,1.0,0.6320191,1.0,1.0659162998199463
0.6320191,1.0,0.6307982,1.0,1.0769023895263672
0.6307982,1.0,0.6295849,1.0,1.0878703594207764
0.6295849,1.0,0.6283791,1.0,1.0988738536834717
0.6283791,1.0,0.6271807,1.0,1.1098456382751465
0.6271807,1.0,0.6259899,1.0,1.1208288669586182
0.6259899,1.0,0.6248063,1.0,1.1318154335021973
0.6248063,1.0,0.6236299,1.0,1.1427700519561768
0.6236299,1.0,0.6224607,1.0,1.1538403034210205
0.6224607,1.0,0.6212988,1.0,1.164867877960205
0.6212988,1.0,0.6201438,1.0,1.1758415699005127
0.6201438,1.0,0.6189959,1.0,1.1868746280670166
0.6189959,1.0,0.6178549,1.0,1.1978540420532227
0.6178549,1.0,0.61672086,1.0,1.2088046073913574
0.61672086,1.0,0.6155937,1.0,1.2198023796081543
0.6155937,1.0,0.61447334,1.0,1.23087739944458
0.61447334,1.0,0.6133599,1.0,1.2418363094329834
0.6133599,1.0,0.6122534,1.0,1.2528331279754639
0.6122534,1.0,0.61115354,1.0,1.2637989521026611
0.61115354,1.0,0.6100605,1.0,1.2747526168823242
0.6100605,1.0,0.60897434,1.0,1.285722017288208
0.60897434,1.0,0.6078949,1.0,1.2967643737792969
0.6078949,1.0,0.60682225,1.0,1.3077802658081055
0.60682225,1.0,0.6057564,1.0,1.318784475326538
0.6057564,1.0,0.6046974,1.0,1.3297405242919922
0.6046974,1.0,0.6036452,1.0,1.3407666683197021
0.6036452,1.0,0.6025998,1.0,1.3518273830413818
0.6025998,1.0,0.6015612,1.0,1.3628990650177002
0.6015612,1.0,0.60052973,1.0,1.37394118309021
0.60052973,1.0,0.59950507,1.0,1.3849875926971436
0.59950507,1.0,0.5984874,1.0,1.3960380554199219
0.5984874,1.0,0.59747666,1.0,1.4070429801940918
0.59747666,1.0,0.5964731,1.0,1.4180307388305664
0.5964731,1.0,0.5954766,1.0,1.4290482997894287
0.5954766,1.0,0.5944873,1.0,1.440025806427002
0.5944873,1.0,0.59350514,1.0,1.4510753154754639
0.59350514,1.0,0.59253013,1.0,1.4621479511260986
0.59253013,1.0,0.5915625,1.0,1.4731626510620117
0.5915625,1.0,0.5906023,1.0,1.4841783046722412
0.5906023,1.0,0.5896495,1.0,1.49519944190979
0.5896495,1.0,0.58870405,1.0,1.5061838626861572
0.58870405,1.0,0.5877662,1.0,1.5171468257904053
0.5877662,1.0,0.58683586,1.0,1.5281023979187012
0.58683586,1.0,0.5859132,1.0,1.5390634536743164
0.5859132,1.0,0.58499825,1.0,1.5499777793884277
0.58499825,1.0,0.584091,1.0,1.560959815979004
0.584091,1.0,0.58319163,1.0,1.5720059871673584
0.58319163,1.0,0.58230007,1.0,1.58296799659729
0.58230007,1.0,0.5814164,1.0,1.5939321517944336
0.5814164,1.0,0.5805408,1.0,1.6049087047576904
0.5805408,1.0,0.57967323,1.0,1.6159052848815918
0.57967323,1.0,0.5788137,1.0,1.6268715858459473
0.5788137,1.0,0.57796216,1.0,1.6378188133239746
0.57796216,1.0,0.5771189,1.0,1.6487951278686523
0.5771189,1.0,0.5762838,1.0,1.659825325012207
0.5762838,1.0,0.575457,1.0,1.6708128452301025
0.575457,1.0,0.57463855,1.0,1.681750774383545
0.57463855,1.0,0.57382834,1.0,1.6926653385162354
0.57382834,1.0,0.57302654,1.0,1.7036466598510742
0.57302654,1.0,0.5722331,1.0,1.7148115634918213
0.5722331,1.0,0.57144815,1.0,1.7257404327392578
0.57144815,1.0,0.57067156,1.0,1.736645221710205
0.57067156,1.0,0.56990343,1.0,1.747617244720459
0.56990343,1.0,0.5691439,1.0,1.7585911750793457
0.5691439,1.0,0.5683927,1.0,1.7695648670196533
0.5683927,1.0,0.5676501,1.0,1.7806291580200195
0.5676501,1.0,0.566916,1.0,1.7916033267974854
0.566916,1.0,0.5661904,1.0,1.804457664489746
0.5661904,1.0,0.5654733,1.0,1.8156957626342773
0.5654733,1.0,0.5647648,1.0,1.8267674446105957
0.5647648,1.0,0.56406474,1.0,1.8379158973693848
0.56406474,1.0,0.5633732,1.0,1.8532276153564453
0.5633732,1.0,0.56269014,1.0,1.8649077415466309
0.56269014,1.0,0.5620156,1.0,1.8760411739349365
0.5620156,1.0,0.56134945,1.0,1.8882713317871094
0.56134945,1.0,0.5606917,1.0,1.8993511199951172
0.5606917,1.0,0.5600424,1.0,1.9104559421539307
0.5600424,1.0,0.5594015,1.0,1.9214324951171875
0.5594015,1.0,0.558769,1.0,1.9324262142181396
0.558769,1.0,0.55814457,1.0,1.943411111831665
0.55814457,1.0,0.5575285,1.0,1.9543495178222656
0.5575285,1.0,0.5569208,1.0,1.9654123783111572
0.5569208,1.0,0.55632114,1.0,1.9767909049987793
0.55632114,1.0,0.55572957,1.0,1.9907145500183105
0.55572957,1.0,0.5551462,1.0,2.001727342605591
0.5551462,1.0,0.55457085,1.0,2.0128743648529053
0.55457085,1.0,0.5540035,1.0,2.0240304470062256
0.5540035,1.0,0.5534439,1.0,2.035083532333374
0.5534439,1.0,0.55289227,1.0,2.046121835708618
0.55289227,1.0,0.55234843,1.0,2.057155132293701
0.55234843,1.0,0.55181235,1.0,2.0682082176208496
0.55181235,1.0,0.5512837,1.0,2.07928729057312
0.5512837,1.0,0.5507629,1.0,2.090285539627075
0.5507629,1.0,0.5502496,1.0,2.10128116607666
0.5502496,1.0,0.54974365,1.0,2.1122920513153076
0.54974365,1.0,0.5492452,1.0,2.123288154602051
0.5492452,1.0,0.5487541,1.0,2.1342315673828125
0.5487541,1.0,0.5482701,1.0,2.145176649093628
0.5482701,1.0,0.54779327,1.0,2.1561083793640137
0.54779327,1.0,0.5473236,1.0,2.1670937538146973
0.5473236,1.0,0.5468608,1.0,2.17806339263916
0.5468608,1.0,0.5464051,1.0,2.189087390899658
0.5464051,1.0,0.54595613,1.0,2.2000415325164795
0.54595613,1.0,0.545514,1.0,2.2110204696655273
0.545514,1.0,0.5450785,1.0,2.2219552993774414
0.5450785,1.0,0.5446497,1.0,2.233006000518799
0.5446497,1.0,0.54422736,1.0,2.2440407276153564
0.54422736,1.0,0.54381144,1.0,2.2550671100616455
0.54381144,1.0,0.54340196,1.0,2.266819715499878
0.54340196,1.0,0.5429987,1.0,2.2786359786987305
0.5429987,1.0,0.5426016,1.0,2.2897987365722656
0.5426016,1.0,0.5422106,1.0,2.3009214401245117
0.5422106,1.0,0.54182565,1.0,2.3120675086975098
0.54182565,1.0,0.5414467,1.0,2.3231334686279297
0.5414467,1.0,0.5410737,1.0,2.3341422080993652
0.5410737,1.0,0.54070646,1.0,2.345410108566284
0.54070646,1.0,0.5403448,1.0,2.3565754890441895
0.5403448,1.0,0.5399889,1.0,2.3676278591156006
0.5399889,1.0,0.5396384,1.0,2.3786885738372803
0.5396384,1.0,0.5392934,1.0,2.389824628829956
0.5392934,1.0,0.5389539,1.0,2.400973320007324
0.5389539,1.0,0.5386195,1.0,2.4120445251464844
0.5386195,1.0,0.5382905,1.0,2.423161506652832
0.5382905,1.0,0.5379666,1.0,2.434267044067383
0.5379666,1.0,0.5376479,1.0,2.4453279972076416
0.5376479,1.0,0.53733397,1.0,2.4565324783325195
0.53733397,1.0,0.53702515,1.0,2.4677088260650635
0.53702515,1.0,0.5367211,1.0,2.478879451751709
0.5367211,1.0,0.5364217,1.0,2.49004864692688
0.5364217,1.0,0.53612727,1.0,2.5011401176452637
0.53612727,1.0,0.53583723,1.0,2.5122997760772705
0.53583723,1.0,0.5355519,1.0,2.5234477519989014
0.5355519,1.0,0.5352709,1.0,2.5344982147216797
0.5352709,1.0,0.5349945,1.0,2.5455851554870605
0.5349945,1.0,0.53472227,1.0,2.5566654205322266
0.53472227,1.0,0.53445446,1.0,2.567772626876831
0.53445446,1.0,0.5341908,1.0,2.5788886547088623
0.5341908,1.0,0.53393114,1.0,2.5899767875671387
0.53393114,1.0,0.5336757,1.0,2.6011860370635986
0.5336757,1.0,0.53342426,1.0,2.612290382385254
0.53342426,1.0,0.5331768,1.0,2.6233713626861572
0.5331768,1.0,0.5329331,1.0,2.6344802379608154
0.5329331,1.0,0.5326934,1.0,2.6455724239349365
0.5326934,1.0,0.5324573,1.0,2.656700611114502
0.5324573,1.0,0.532225,1.0,2.6677801609039307
0.532225,1.0,0.53199625,1.0,2.6789042949676514
0.53199625,1.0,0.5317712,1.0,2.6900596618652344
0.5317712,1.0,0.5315496,1.0,2.701158046722412
0.5315496,1.0,0.5313315,1.0,2.7122724056243896
0.5313315,1.0,0.5311168,1.0,2.723400115966797
0.5311168,1.0,0.53090537,1.0,2.7344489097595215
0.53090537,1.0,0.5306973,1.0,2.745488166809082
0.5306973,1.0,0.53049254,1.0,2.7565462589263916
0.53049254,1.0,0.5302909,1.0,2.767606735229492
0.5302909,1.0,0.5300924,1.0,2.7786202430725098
0.5300924,1.0,0.529897,1.0,2.789628744125366
0.529897,1.0,0.5297047,1.0,2.80079984664917
0.5297047,1.0,0.52951527,1.0,2.8118536472320557
0.52951527,1.0,0.5293289,1.0,2.822901725769043
0.5293289,1.0,0.5291454,1.0,2.8339171409606934
0.5291454,1.0,0.52896476,1.0,2.845144510269165
0.52896476,1.0,0.52878684,1.0,2.8562586307525635
0.52878684,1.0,0.5286118,1.0,2.8673017024993896
0.5286118,1.0,0.5284395,1.0,2.878350257873535
0.5284395,1.0,0.52826977,1.0,2.8893935680389404
0.52826977,1.0,0.5281025,1.0,2.900482654571533
0.5281025,1.0,0.5279381,1.0,2.911641836166382
0.5279381,1.0,0.52777624,1.0,2.9226934909820557
0.52777624,1.0,0.52761674,1.0,2.9336960315704346
0.52761674,1.0,0.52745974,1.0,2.94474196434021
0.52745974,1.0,0.5273053,1.0,2.9558348655700684
0.5273053,1.0,0.52715313,1.0,2.966893196105957
0.52715313,1.0,0.5270033,1.0,2.9779715538024902
0.5270033,1.0,0.5268557,1.0,2.989072561264038
0.5268557,1.0,0.5267105,1.0,3.0003252029418945
0.5267105,1.0,0.52656746,1.0,3.0114400386810303
0.52656746,1.0,0.5264266,1.0,3.022679567337036
0.5264266,1.0,0.52628803,1.0,3.0337445735931396
0.52628803,1.0,0.52615154,1.0,3.044806718826294
0.52615154,1.0,0.52601707,1.0,3.055873155593872
0.52601707,1.0,0.5258848,1.0,3.0668957233428955
0.5258848,1.0,0.52575445,1.0,3.077935218811035
0.52575445,1.0,0.5256261,1.0,3.088986396789551
0.5256261,1.0,0.52549976,1.0,3.0999860763549805
0.52549976,1.0,0.52537537,1.0,3.1110382080078125
0.52537537,1.0,0.52525276,1.0,3.1220552921295166
0.52525276,1.0,0.5251322,1.0,3.133040189743042
0.5251322,1.0,0.5250133,1.0,3.144118309020996
0.5250133,1.0,0.5248964,1.0,3.155148983001709
0.5248964,1.0,0.52478117,1.0,3.166149139404297
0.52478117,1.0,0.52466774,1.0,3.1772115230560303
0.52466774,1.0,0.52455604,1.0,3.1883087158203125
0.52455604,1.0,0.524446,1.0,3.199312448501587
0.524446,1.0,0.52433765,1.0,3.2104334831237793
0.52433765,1.0,0.52423096,1.0,3.221482992172241
0.52423096,1.0,0.5241259,1.0,3.2325656414031982
0.5241259,1.0,0.52402246,1.0,3.2436399459838867
0.52402246,1.0,0.52392054,1.0,3.254692554473877
0.52392054,1.0,0.5238203,1.0,3.2657899856567383
0.5238203,1.0,0.52372146,1.0,3.2769110202789307
0.52372146,1.0,0.5236242,1.0,3.287994146347046
0.5236242,1.0,0.52352834,1.0,3.299022674560547
0.52352834,1.0,0.52343404,1.0,3.3101978302001953
0.52343404,1.0,0.52334106,1.0,3.321256399154663
0.52334106,1.0,0.5232495,1.0,3.3322627544403076
0.5232495,1.0,0.5231594,1.0,3.3434808254241943
0.5231594,1.0,0.5230707,1.0,3.354539394378662
0.5230707,1.0,0.5229832,1.0,3.3656153678894043
0.5229832,1.0,0.5228971,1.0,3.3766558170318604
0.5228971,1.0,0.52281225,1.0,3.3876750469207764
0.52281225,1.0,0.5227288,1.0,3.398678779602051
0.5227288,1.0,0.52264655,1.0,3.4099273681640625
0.52264655,1.0,0.5225656,1.0,3.4210147857666016
0.5225656,1.0,0.52248585,1.0,3.432081699371338
0.52248585,1.0,0.5224073,1.0,3.4431138038635254
0.5224073,1.0,0.52232987,1.0,3.45422101020813
0.52232987,1.0,0.52225363,1.0,3.4653677940368652
0.52225363,1.0,0.52217853,1.0,3.4764463901519775
0.52217853,1.0,0.5221046,1.0,3.48750638961792
0.5221046,1.0,0.5220319,1.0,3.498577117919922
0.5220319,1.0,0.5219602,1.0,3.5095841884613037
0.5219602,1.0,0.5218895,1.0,3.5206313133239746
0.5218895,1.0,0.52182,1.0,3.5317013263702393
0.52182,1.0,0.5217514,1.0,3.5427074432373047
0.5217514,1.0,0.52168405,1.0,3.553677558898926
0.52168405,1.0,0.52161753,1.0,3.5646636486053467
0.52161753,1.0,0.521552,1.0,3.5757181644439697
0.521552,1.0,0.5214876,1.0,3.5867533683776855
0.5214876,1.0,0.52142406,1.0,3.597748041152954
0.52142406,1.0,0.5213615,1.0,3.608781337738037
0.5213615,1.0,0.52129996,1.0,3.6205251216888428
0.52129996,1.0,0.5212393,1.0,3.632934331893921
0.5212393,1.0,0.52117956,1.0,3.6453001499176025
0.52117956,1.0,0.52112067,1.0,3.6576552391052246
0.52112067,1.0,0.52106273,1.0,3.6701016426086426
0.52106273,1.0,0.52100563,1.0,3.68226957321167
0.52100563,1.0,0.52094936,1.0,3.693371057510376
0.52094936,1.0,0.520894,1.0,3.7044427394866943
0.520894,1.0,0.52083933,1.0,3.7155323028564453
0.52083933,1.0,0.5207856,1.0,3.7265634536743164
0.5207856,1.0,0.52073264,1.0,3.7375802993774414
0.52073264,1.0,0.5206805,1.0,3.7486250400543213
0.5206805,1.0,0.52062917,1.0,3.7597100734710693
0.52062917,1.0,0.5205786,1.0,3.7720015048980713
0.5205786,1.0,0.52052873,1.0,3.783066749572754
0.52052873,1.0,0.5204797,1.0,3.7941296100616455
0.5204797,1.0,0.5204312,1.0,3.805567502975464
0.5204312,1.0,0.5203837,1.0,3.8167850971221924
0.5203837,1.0,0.52033675,1.0,3.827911138534546
0.52033675,1.0,0.52029055,1.0,3.8391637802124023
0.52029055,1.0,0.52024496,1.0,3.8503501415252686
0.52024496,1.0,0.5202002,1.0,3.8614487648010254
0.5202002,1.0,0.520156,1.0,3.8725638389587402
0.520156,1.0,0.5201125,1.0,3.883723258972168
0.5201125,1.0,0.52006966,1.0,3.894836664199829
0.52006966,1.0,0.5200274,1.0,3.9060354232788086
0.5200274,1.0,0.5199859,1.0,3.917126417160034
0.5199859,1.0,0.51994485,1.0,3.9282708168029785
0.51994485,1.0,0.51990455,1.0,3.939356565475464
0.51990455,1.0,0.5198648,1.0,3.9504194259643555
0.5198648,1.0,0.5198256,1.0,3.961475133895874
0.5198256,1.0,0.5197871,1.0,3.972574234008789
0.5197871,1.0,0.5197491,1.0,3.983687162399292
0.5197491,1.0,0.51971173,1.0,3.9947590827941895
0.51971173,1.0,0.5196748,1.0,4.005756378173828
0.5196748,1.0,0.5196385,1.0,4.01684308052063
0.5196385,1.0,0.51960266,1.0,4.0285351276397705
0.51960266,1.0,0.51956743,1.0,4.039897441864014
0.51956743,1.0,0.5195327,1.0,4.051044464111328
0.5195327,1.0,0.5194985,1.0,4.062118768692017
0.5194985,1.0,0.51946485,1.0,4.073251485824585
0.51946485,1.0,0.5194316,1.0,4.084361553192139
0.5194316,1.0,0.51939887,1.0,4.095499753952026
0.51939887,1.0,0.51936674,1.0,4.1065897941589355
0.51936674,1.0,0.51933503,1.0,4.117670059204102
0.51933503,1.0,0.5193037,1.0,4.128878831863403
0.5193037,1.0,0.5192729,1.0,4.139971017837524
0.5192729,1.0,0.51924264,1.0,4.151030540466309
0.51924264,1.0,0.51921284,1.0,4.162109375
0.51921284,1.0,0.5191833,1.0,4.173151731491089
0.5191833,1.0,0.5191543,1.0,4.184255599975586
0.5191543,1.0,0.5191257,1.0,4.195353031158447
0.5191257,1.0,0.51909757,1.0,4.206401348114014
0.51909757,1.0,0.51906985,1.0,4.219219446182251
0.51906985,1.0,0.5190425,1.0,4.23046088218689
0.5190425,1.0,0.51901555,1.0,4.241626024246216
0.51901555,1.0,0.5189891,1.0,4.252825975418091
0.5189891,1.0,0.51896304,1.0,4.264950275421143
0.51896304,1.0,0.51893723,1.0,4.277529239654541
0.51893723,1.0,0.51891184,1.0,4.290075302124023
0.51891184,1.0,0.5188869,1.0,4.302489519119263
0.5188869,1.0,0.5188623,1.0,4.314935207366943
0.5188623,1.0,0.51883805,1.0,4.3274054527282715
0.51883805,1.0,0.5188141,1.0,4.339845895767212
0.5188141,1.0,0.5187906,1.0,4.3523852825164795
0.5187906,1.0,0.5187675,1.0,4.364888668060303
0.5187675,1.0,0.5187446,1.0,4.377313137054443
0.5187446,1.0,0.51872206,1.0,4.389829397201538
0.51872206,1.0,0.51869994,1.0,4.402355909347534
0.51869994,1.0,0.51867807,1.0,4.414809942245483
0.51867807,1.0,0.51865655,1.0,4.427257061004639
0.51865655,1.0,0.5186354,1.0,4.439857482910156
0.5186354,1.0,0.5186144,1.0,4.452460527420044
0.5186144,1.0,0.5185939,1.0,4.4649693965911865
0.5185939,1.0,0.51857364,1.0,4.477443695068359
0.51857364,1.0,0.5185536,1.0,4.4898681640625
0.5185536,1.0,0.5185339,1.0,4.502241134643555
0.5185339,1.0,0.5185145,1.0,4.514626741409302
0.5185145,1.0,0.5184954,1.0,4.527052640914917
0.5184954,1.0,0.5184766,1.0,4.539438962936401
0.5184766,1.0,0.518458,1.0,4.5517919063568115
0.518458,1.0,0.51843965,1.0,4.56427788734436
0.51843965,1.0,0.51842165,1.0,4.5767295360565186
0.51842165,1.0,0.51840395,1.0,4.5891547203063965
0.51840395,1.0,0.5183864,1.0,4.601667404174805
0.5183864,1.0,0.5183692,1.0,4.614123344421387
0.5183692,1.0,0.5183522,1.0,4.626553058624268
0.5183522,1.0,0.51833546,1.0,4.638991355895996
0.51833546,1.0,0.51831895,1.0,4.651407957077026
0.51831895,1.0,0.5183027,1.0,4.663856744766235
0.5183027,1.0,0.5182867,1.0,4.676289081573486
0.5182867,1.0,0.51827097,1.0,4.688719272613525
0.51827097,1.0,0.51825535,1.0,4.701104640960693
0.51825535,1.0,0.5182401,1.0,4.713464736938477
0.5182401,1.0,0.51822495,1.0,4.725867986679077
0.51822495,1.0,0.51821005,1.0,4.738231182098389
0.51821005,1.0,0.5181954,1.0,4.750624418258667
0.5181954,1.0,0.518181,1.0,4.7630205154418945
0.518181,1.0,0.5181668,1.0,4.775473594665527
0.5181668,1.0,0.5181527,1.0,4.787904500961304
0.5181527,1.0,0.5181389,1.0,4.8003363609313965
0.5181389,1.0,0.5181253,1.0,4.812816143035889
0.5181253,1.0,0.5181118,1.0,4.825239896774292
0.5181118,1.0,0.5180987,1.0,4.837640047073364
0.5180987,1.0,0.5180856,1.0,4.850144386291504
0.5180856,1.0,0.5180727,1.0,4.862597465515137
0.5180727,1.0,0.5180601,1.0,4.875033855438232
0.5180601,1.0,0.51804763,1.0,4.887478351593018
0.51804763,1.0,0.51803535,1.0,4.899876117706299
0.51803535,1.0,0.51802313,1.0,4.912333250045776
0.51802313,1.0,0.51801133,1.0,4.9247682094573975
0.51801133,1.0,0.51799953,1.0,4.937206268310547
0.51799953,1.0,0.5179879,1.0,4.949785232543945
0.5179879,1.0,0.5179765,1.0,4.962286710739136
0.5179765,1.0,0.5179652,1.0,4.97473931312561
0.5179652,1.0,0.5179541,1.0,4.987228155136108
0.5179541,1.0,0.51794314,1.0,4.999670028686523
0.51794314,1.0,0.5179324,1.0,5.012133598327637
0.5179324,1.0,0.51792175,1.0,5.024533748626709
0.51792175,1.0,0.5179113,1.0,5.036941051483154
0.5179113,1.0,0.5179009,1.0,5.049405336380005
0.5179009,1.0,0.5178908,1.0,5.061997890472412
0.5178908,1.0,0.5178808,1.0,5.074362277984619
0.5178808,1.0,0.5178709,1.0,5.0867063999176025
0.5178709,1.0,0.5178612,1.0,5.099056243896484
0.5178612,1.0,0.51785153,1.0,5.111484050750732
0.51785153,1.0,0.51784205,1.0,5.123892545700073
0.51784205,1.0,0.5178327,1.0,5.1363654136657715
0.5178327,1.0,0.5178236,1.0,5.148824691772461
0.5178236,1.0,0.5178145,1.0,5.161336183547974
0.5178145,1.0,0.51780546,1.0,5.173797369003296
0.51780546,1.0,0.5177967,1.0,5.186221599578857
0.5177967,1.0,0.51778805,1.0,5.198640823364258
0.51778805,1.0,0.51777947,1.0,5.210994720458984
0.51777947,1.0,0.51777107,1.0,5.223442077636719
0.51777107,1.0,0.5177628,1.0,5.2358503341674805
0.5177628,1.0,0.51775455,1.0,5.248230934143066
0.51775455,1.0,0.51774645,1.0,5.260651350021362
0.51774645,1.0,0.51773846,1.0,5.273044109344482
0.51773846,1.0,0.5177306,1.0,5.285475730895996
0.5177306,1.0,0.51772285,1.0,5.297879695892334
0.51772285,1.0,0.5177152,1.0,5.310291051864624
0.5177152,1.0,0.5177077,1.0,5.322815418243408
0.5177077,1.0,0.5177002,1.0,5.3352508544921875
0.5177002,1.0,0.5176929,1.0,5.347817420959473
0.5176929,1.0,0.5176858,1.0,5.360355615615845
0.5176858,1.0,0.5176787,1.0,5.372874736785889
0.5176787,1.0,0.5176717,1.0,5.385334730148315
0.5176717,1.0,0.5176648,1.0,5.397784471511841
0.5176648,1.0,0.517658,1.0,5.410252094268799
0.517658,1.0,0.51765126,1.0,5.422708988189697
0.51765126,1.0,0.51764464,1.0,5.435150861740112
0.51764464,1.0,0.5176381,1.0,5.447543621063232
0.5176381,1.0,0.51763165,1.0,5.459949016571045
0.51763165,1.0,0.51762533,1.0,5.472394227981567
0.51762533,1.0,0.5176191,1.0,5.484866142272949
0.5176191,1.0,0.51761293,1.0,5.49734902381897
0.51761293,1.0,0.51760685,1.0,5.50980544090271
0.51760685,1.0,0.5176008,1.0,5.5222108364105225
0.5176008,1.0,0.517595,1.0,5.534657955169678
0.517595,1.0,0.51758915,1.0,5.547158479690552
0.51758915,1.0,0.5175834,1.0,5.55961799621582
0.5175834,1.0,0.51757765,1.0,5.572109222412109
0.51757765,1.0,0.5175721,1.0,5.584591865539551
0.5175721,1.0,0.51756656,1.0,5.597093343734741
0.51756656,1.0,0.5175612,1.0,5.609499931335449
0.5175612,1.0,0.5175559,1.0,5.621896982192993
0.5175559,1.0,0.5175506,1.0,5.6342384815216064
0.5175506,1.0,0.5175454,1.0,5.646620512008667
0.5175454,1.0,0.5175403,1.0,5.659044027328491
0.5175403,1.0,0.51753515,1.0,5.671473026275635
0.51753515,1.0,0.5175302,1.0,5.68394923210144
0.5175302,1.0,0.5175253,1.0,5.696493625640869
0.5175253,1.0,0.5175204,1.0,5.709018230438232
0.5175204,1.0,0.5175156,1.0,5.721453428268433
0.5175156,1.0,0.5175109,1.0,5.733986854553223
0.5175109,1.0,0.51750624,1.0,5.746446371078491
0.51750624,1.0,0.5175017,1.0,5.758874177932739
0.5175017,1.0,0.5174971,1.0,5.771270751953125
0.5174971,1.0,0.51749265,1.0,5.783783912658691
0.51749265,1.0,0.51748824,1.0,5.797098875045776
0.51748824,1.0,0.51748395,1.0,5.809605598449707
0.51748395,1.0,0.51747954,1.0,5.822076082229614
0.51747954,1.0,0.5174755,1.0,5.834482431411743
0.5174755,1.0,0.5174713,1.0,5.847081184387207
0.5174713,1.0,0.51746714,1.0,5.8596580028533936
0.51746714,1.0,0.5174631,1.0,5.8721840381622314
0.5174631,1.0,0.51745915,1.0,5.8846540451049805
0.51745915,1.0,0.5174551,1.0,5.897146224975586
0.5174551,1.0,0.5174513,1.0,5.909612655639648
0.5174513,1.0,0.5174475,1.0,5.922712564468384
0.5174475,1.0,0.51744354,1.0,5.935132265090942
0.51744354,1.0,0.51743996,1.0,5.947554588317871
0.51743996,1.0,0.51743615,1.0,5.96004319190979
0.51743615,1.0,0.5174326,1.0,5.973811149597168
0.5174326,1.0,0.51742905,1.0,5.986573219299316
0.51742905,1.0,0.51742554,1.0,5.999345779418945
0.51742554,1.0,0.5174221,1.0,6.012057781219482
0.5174221,1.0,0.5174185,1.0,6.029338598251343
0.5174185,1.0,0.5174152,1.0,6.041838884353638
0.5174152,1.0,0.5174118,1.0,6.054285526275635
0.5174118,1.0,0.5174086,1.0,6.066865682601929
0.5174086,1.0,0.5174053,1.0,6.079227924346924
0.5174053,1.0,0.51740205,1.0,6.091660976409912
0.51740205,1.0,0.5173989,1.0,6.104028940200806
0.5173989,1.0,0.51739585,1.0,6.116454839706421
0.51739585,1.0,0.51739275,1.0,6.128910541534424
0.51739275,1.0,0.51738966,1.0,6.141371250152588
0.51738966,1.0,0.5173866,1.0,6.153797626495361
0.5173866,1.0,0.51738375,1.0,6.1661741733551025
0.51738375,1.0,0.5173808,1.0,6.1785888671875
0.5173808,1.0,0.51737785,1.0,6.1910412311553955
0.51737785,1.0,0.5173751,1.0,6.203430891036987
0.5173751,1.0,0.5173722,1.0,6.2158708572387695
0.5173722,1.0,0.5173695,1.0,6.228310823440552
0.5173695,1.0,0.51736677,1.0,6.240717887878418
0.51736677,1.0,0.51736414,1.0,6.253145933151245
0.51736414,1.0,0.5173614,1.0,6.265568971633911
0.5173614,1.0,0.5173588,1.0,6.2780749797821045
0.5173588,1.0,0.51735616,1.0,6.290523290634155
0.51735616,1.0,0.51735365,1.0,6.302992582321167
0.51735365,1.0,0.5173511,1.0,6.315476179122925
0.5173511,1.0,0.51734865,1.0,6.327888011932373
0.51734865,1.0,0.51734614,1.0,6.340237855911255
0.51734614,1.0,0.5173438,1.0,6.352612257003784
0.5173438,1.0,0.51734126,1.0,6.367592811584473
0.51734126,1.0,0.51733905,1.0,6.379251956939697
0.51733905,1.0,0.51733667,1.0,6.390841007232666
0.51733667,1.0,0.51733434,1.0,6.402390480041504
0.51733434,1.0,0.517332,1.0,6.413927316665649
0.517332,1.0,0.5173299,1.0,6.425236463546753
0.5173299,1.0,0.51732767,1.0,6.43661642074585
0.51732767,1.0,0.5173254,1.0,6.447909832000732
0.5173254,1.0,0.51732326,1.0,6.459387302398682
0.51732326,1.0,0.5173212,1.0,6.47070574760437
0.5173212,1.0,0.5173191,1.0,6.483856201171875
0.5173191,1.0,0.51731706,1.0,6.495155334472656
0.51731706,1.0,0.51731503,1.0,6.506243467330933
0.51731503,1.0,0.517313,1.0,6.518968820571899
0.517313,1.0,0.517311,1.0,6.531728267669678
0.517311,1.0,0.51730907,1.0,6.544982194900513
0.51730907,1.0,0.5173071,1.0,6.558485984802246
0.5173071,1.0,0.51730514,1.0,6.572153091430664
0.51730514,1.0,0.51730335,1.0,6.5832414627075195
0.51730335,1.0,0.5173014,1.0,6.594295501708984
0.5173014,1.0,0.51729953,1.0,6.605315923690796
0.51729953,1.0,0.51729774,1.0,6.616334676742554
0.51729774,1.0,0.5172961,1.0,6.627321243286133
0.5172961,1.0,0.5172943,1.0,6.638375520706177
0.5172943,1.0,0.5172925,1.0,6.649447679519653
0.5172925,1.0,0.5172907,1.0,6.6604979038238525
0.5172907,1.0,0.51728904,1.0,6.671599388122559
0.51728904,1.0,0.5172874,1.0,6.682655334472656
0.5172874,1.0,0.5172857,1.0,6.693742275238037
0.5172857,1.0,0.51728404,1.0,6.704784154891968
0.51728404,1.0,0.5172824,1.0,6.715874195098877
0.5172824,1.0,0.5172809,1.0,6.726893663406372
0.5172809,1.0,0.51727927,1.0,6.7379820346832275
0.51727927,1.0,0.5172777,1.0,6.752434492111206
0.5172777,1.0,0.5172761,1.0,6.763556718826294
0.5172761,1.0,0.5172746,1.0,6.774598598480225
0.5172746,1.0,0.5172732,1.0,6.785637378692627
0.5172732,1.0,0.51727164,1.0,6.796694755554199
0.51727164,1.0,0.5172703,1.0,6.807743549346924
0.5172703,1.0,0.5172688,1.0,6.818785905838013
0.5172688,1.0,0.5172672,1.0,6.829827070236206
0.5172672,1.0,0.5172659,1.0,6.8408379554748535
0.5172659,1.0,0.5172646,1.0,6.851850986480713
0.5172646,1.0,0.5172632,1.0,6.862895727157593
0.5172632,1.0,0.5172618,1.0,6.873939037322998
0.5172618,1.0,0.51726043,1.0,6.885002613067627
0.51726043,1.0,0.51725924,1.0,6.896062850952148
0.51725924,1.0,0.5172578,1.0,6.907153844833374
0.5172578,1.0,0.51725656,1.0,6.918220281600952
0.51725656,1.0,0.5172553,1.0,6.929317951202393
0.5172553,1.0,0.517254,1.0,6.94041633605957
0.517254,1.0,0.5172528,1.0,6.951436996459961
0.5172528,1.0,0.5172516,1.0,6.962560653686523
0.5172516,1.0,0.5172504,1.0,6.9735798835754395
0.5172504,1.0,0.51724917,1.0,6.984658241271973
0.51724917,1.0,0.51724803,1.0,6.995682716369629
0.51724803,1.0,0.5172467,1.0,7.006713628768921
0.5172467,1.0,0.51724565,1.0,7.017791748046875
0.51724565,1.0,0.51724446,1.0,7.028821706771851
0.51724446,1.0,0.5172434,1.0,7.0398571491241455
0.5172434,1.0,0.5172423,1.0,7.050888776779175
0.5172423,1.0,0.5172412,1.0,7.061968803405762
0.5172412,1.0,0.51724005,1.0,7.073363780975342
0.51724005,1.0,0.5172391,1.0,7.084644317626953
0.5172391,1.0,0.517238,1.0,7.0957725048065186
0.517238,1.0,0.51723695,1.0,7.106834173202515
0.51723695,1.0,0.5172358,1.0,7.117946147918701
0.5172358,1.0,0.5172349,1.0,7.129031181335449
0.5172349,1.0,0.51723385,1.0,7.140221834182739
0.51723385,1.0,0.5172328,1.0,7.151373386383057
0.5172328,1.0,0.51723194,1.0,7.162450313568115
0.51723194,1.0,0.5172309,1.0,7.173551559448242
0.5172309,1.0,0.51723003,1.0,7.184608459472656
0.51723003,1.0,0.51722896,1.0,7.1956787109375
0.51722896,1.0,0.51722807,1.0,7.206844091415405
0.51722807,1.0,0.5172272,1.0,7.217951059341431
0.5172272,1.0,0.5172261,1.0,7.229044437408447
0.5172261,1.0,0.5172253,1.0,7.240153789520264
0.5172253,1.0,0.51722443,1.0,7.251288652420044
0.51722443,1.0,0.5172236,1.0,7.26240873336792
0.5172236,1.0,0.5172227,1.0,7.273465156555176
0.5172227,1.0,0.51722175,1.0,7.284553289413452
0.51722175,1.0,0.517221,1.0,7.2956702709198
0.517221,1.0,0.51722014,1.0,7.306807041168213
0.51722014,1.0,0.5172193,1.0,7.317994832992554
0.5172193,1.0,0.5172185,1.0,7.329092741012573
0.5172185,1.0,0.51721764,1.0,7.340246677398682
0.51721764,1.0,0.5172168,1.0,7.351449012756348
0.5172168,1.0,0.5172161,1.0,7.362606525421143
0.5172161,1.0,0.51721525,1.0,7.373737335205078
0.51721525,1.0,0.51721454,1.0,7.384883165359497
0.51721454,1.0,0.5172137,1.0,7.39599084854126
0.5172137,1.0,0.517213,1.0,7.40713906288147
0.517213,1.0,0.5172122,1.0,7.419173002243042
0.5172122,1.0,0.51721144,1.0,7.431561708450317
0.51721144,1.0,0.5172107,1.0,7.443944931030273
0.5172107,1.0,0.51721,1.0,7.456331014633179
0.51721,1.0,0.5172093,1.0,7.468660116195679
0.5172093,1.0,0.51720864,1.0,7.481058835983276
0.51720864,1.0,0.51720786,1.0,7.493537187576294
0.51720786,1.0,0.51720715,1.0,7.505961656570435
0.51720715,1.0,0.5172065,1.0,7.518404722213745
0.5172065,1.0,0.51720583,1.0,7.530864953994751
0.51720583,1.0,0.5172051,1.0,7.543318271636963
0.5172051,1.0,0.5172045,1.0,7.555819272994995
0.5172045,1.0,0.51720387,1.0,7.56829309463501
0.51720387,1.0,0.5172033,1.0,7.580718278884888
0.5172033,1.0,0.5172026,1.0,7.593207120895386
0.5172026,1.0,0.51720196,1.0,7.611053466796875
0.51720196,1.0,0.5172013,1.0,7.623717784881592
0.5172013,1.0,0.5172007,1.0,7.636263370513916
0.5172007,1.0,0.5172001,1.0,7.648779630661011
0.5172001,1.0,0.5171994,1.0,7.661261558532715
0.5171994,1.0,0.5171989,1.0,7.6745240688323975
0.5171989,1.0,0.5171983,1.0,7.685969591140747
0.5171983,1.0,0.5171977,1.0,7.697408676147461
0.5171977,1.0,0.51719713,1.0,7.708823204040527
0.51719713,1.0,0.51719654,1.0,7.7202064990997314
0.51719654,1.0,0.51719606,1.0,7.7315638065338135
0.51719606,1.0,0.51719546,1.0,7.7429704666137695
0.51719546,1.0,0.5171949,1.0,7.754342079162598
0.5171949,1.0,0.5171944,1.0,7.765966176986694
0.5171944,1.0,0.51719385,1.0,7.777561664581299
0.51719385,1.0,0.5171933,1.0,7.78905725479126
0.5171933,1.0,0.5171927,1.0,7.800278902053833
0.5171927,1.0,0.51719224,1.0,7.811914682388306
0.51719224,1.0,0.51719165,1.0,7.823437213897705
0.51719165,1.0,0.51719123,1.0,7.83469033241272
0.51719123,1.0,0.5171907,1.0,7.847109794616699
0.5171907,1.0,0.5171902,1.0,7.8584325313568115
0.5171902,1.0,0.51718974,1.0,7.870128631591797
0.51718974,1.0,0.5171892,1.0,7.881483793258667
0.5171892,1.0,0.5171888,1.0,7.892710208892822
0.5171888,1.0,0.51718825,1.0,7.904075384140015
0.51718825,1.0,0.51718783,1.0,7.915464878082275
0.51718783,1.0,0.51718736,1.0,7.926892518997192
0.51718736,1.0,0.5171869,1.0,7.9380152225494385
0.5171869,1.0,0.51718646,1.0,7.949351787567139
0.51718646,1.0,0.5171859,1.0,7.962798357009888
0.5171859,1.0,0.51718557,1.0,7.974570989608765
0.51718557,1.0,0.51718503,1.0,7.987168550491333
0.51718503,1.0,0.5171846,1.0,8.00085186958313
0.5171846,1.0,0.5171842,1.0,8.013580322265625
0.5171842,1.0,0.5171838,1.0,8.026208639144897
0.5171838,1.0,0.5171833,1.0,8.03743577003479
0.5171833,1.0,0.51718295,1.0,8.050076007843018
0.51718295,1.0,0.5171825,1.0,8.061187744140625
0.5171825,1.0,0.5171821,1.0,8.07226300239563
0.5171821,1.0,0.5171817,1.0,8.083346605300903
0.5171817,1.0,0.5171813,1.0,8.09451675415039
0.5171813,1.0,0.5171809,1.0,8.105660915374756
0.5171809,1.0,0.5171805,1.0,8.116698265075684
0.5171805,1.0,0.51718014,1.0,8.127751111984253
0.51718014,1.0,0.5171797,1.0,8.138811588287354
0.5171797,1.0,0.5171793,1.0,8.149810314178467
0.5171793,1.0,0.517179,1.0,8.163074970245361
0.517179,1.0,0.51717854,1.0,8.177172422409058
0.51717854,1.0,0.5171783,1.0,8.190307855606079
0.5171783,1.0,0.5171778,1.0,8.203110218048096
0.5171778,1.0,0.51717746,1.0,8.216630935668945
0.51717746,1.0,0.5171771,1.0,8.22933840751648
0.5171771,1.0,0.51717687,1.0,8.240604400634766
0.51717687,1.0,0.51717645,1.0,8.253028154373169
0.51717645,1.0,0.51717615,1.0,8.264192342758179
0.51717615,1.0,0.5171758,1.0,8.275465965270996
0.5171758,1.0,0.51717544,1.0,8.286633729934692
0.51717544,1.0,0.51717514,1.0,8.297716856002808
0.51717514,1.0,0.5171747,1.0,8.308855295181274
0.5171747,1.0,0.51717436,1.0,8.324431419372559
0.51717436,1.0,0.5171741,1.0,8.340578556060791
0.5171741,1.0,0.51717377,1.0,8.356492042541504
0.51717377,1.0,0.5171734,1.0,8.370011568069458
0.5171734,1.0,0.51717305,1.0,8.382805109024048
0.51717305,1.0,0.5171727,1.0,8.394835472106934
0.5171727,1.0,0.5171725,1.0,8.407080173492432
0.5171725,1.0,0.5171722,1.0,8.421108722686768
0.5171722,1.0,0.5171719,1.0,8.433330774307251
0.5171719,1.0,0.5171715,1.0,8.449025392532349
0.5171715,1.0,0.51717126,1.0,8.465448379516602
0.51717126,1.0,0.5171709,1.0,8.481153964996338
0.5171709,1.0,0.51717067,1.0,8.493904829025269
0.51717067,1.0,0.51717037,1.0,8.506286144256592
0.51717037,1.0,0.51717013,1.0,8.517656326293945
0.51717013,1.0,0.51716983,1.0,8.528795719146729
0.51716983,1.0,0.5171696,1.0,8.539851427078247
0.5171696,1.0,0.51716936,1.0,8.550913572311401
0.51716936,1.0,0.517169,1.0,8.561949968338013
0.517169,1.0,0.5171687,1.0,8.57299017906189
0.5171687,1.0,0.5171685,1.0,8.584063053131104
0.5171685,1.0,0.51716816,1.0,8.595100164413452
0.51716816,1.0,0.5171679,1.0,8.606141090393066
0.5171679,1.0,0.5171676,1.0,8.617243766784668
0.5171676,1.0,0.5171675,1.0,8.628392219543457
0.5171675,1.0,0.51716715,1.0,8.639509677886963
0.51716715,1.0,0.5171669,1.0,8.650640726089478
0.5171669,1.0,0.5171666,1.0,8.66172981262207
0.5171666,1.0,0.5171664,1.0,8.672851085662842
0.5171664,1.0,0.51716614,1.0,8.683927774429321
0.51716614,1.0,0.5171659,1.0,8.695000410079956
0.5171659,1.0,0.51716566,1.0,8.706039428710938
0.51716566,1.0,0.5171654,1.0,8.717127799987793
0.5171654,1.0,0.5171652,1.0,8.728247165679932
0.5171652,1.0,0.51716495,1.0,8.739327907562256
0.51716495,1.0,0.5171647,1.0,8.750445127487183
0.5171647,1.0,0.51716447,1.0,8.761479616165161
0.51716447,1.0,0.51716435,1.0,8.772528409957886
0.51716435,1.0,0.5171641,1.0,8.783599853515625
0.5171641,1.0,0.5171639,1.0,8.794616937637329
0.5171639,1.0,0.51716363,1.0,8.805637121200562
0.51716363,1.0,0.5171634,1.0,8.81674838066101
0.5171634,1.0,0.5171631,1.0,8.827900886535645
0.5171631,1.0,0.5171629,1.0,8.839041233062744
0.5171629,1.0,0.5171627,1.0,8.850213050842285
0.5171627,1.0,0.51716256,1.0,8.86146354675293
0.51716256,1.0,0.51716226,1.0,8.872652769088745
0.51716226,1.0,0.5171621,1.0,8.88377571105957
0.5171621,1.0,0.51716197,1.0,8.894883394241333
0.51716197,1.0,0.5171617,1.0,8.905930042266846
0.5171617,1.0,0.51716155,1.0,8.91702389717102
0.51716155,1.0,0.51716125,1.0,8.92814564704895
0.51716125,1.0,0.51716113,1.0,8.93922758102417
0.51716113,1.0,0.5171609,1.0,8.950305700302124
0.5171609,1.0,0.51716065,1.0,8.961367845535278
0.51716065,1.0,0.5171605,1.0,8.972469091415405
0.5171605,1.0,0.5171603,1.0,8.983558893203735
0.5171603,1.0,0.5171601,1.0,8.994622945785522
0.5171601,1.0,0.51715994,1.0,9.005635976791382
0.51715994,1.0,0.5171598,1.0,9.016699314117432
0.5171598,1.0,0.5171596,1.0,9.027796506881714
0.5171596,1.0,0.51715934,1.0,9.03886866569519
0.51715934,1.0,0.5171592,1.0,9.04998230934143
0.5171592,1.0,0.5171591,1.0,9.061106204986572
0.5171591,1.0,0.51715887,1.0,9.072210550308228
0.51715887,1.0,0.5171586,1.0,9.083324432373047
0.5171586,1.0,0.51715857,1.0,9.094367742538452
0.51715857,1.0,0.5171583,1.0,9.105854034423828
0.5171583,1.0,0.51715815,1.0,9.117100238800049
0.51715815,1.0,0.51715803,1.0,9.12822937965393
0.51715803,1.0,0.5171579,1.0,9.139313220977783
0.5171579,1.0,0.5171577,1.0,9.150393724441528
0.5171577,1.0,0.51715755,1.0,9.161418199539185
0.51715755,1.0,0.5171574,1.0,9.172439098358154
0.5171574,1.0,0.5171572,1.0,9.183485507965088
0.5171572,1.0,0.5171571,1.0,9.194536209106445
0.5171571,1.0,0.51715684,1.0,9.206705808639526
0.51715684,1.0,0.5171567,1.0,9.217722177505493
0.5171567,1.0,0.51715654,1.0,9.228831052780151
0.51715654,1.0,0.51715636,1.0,9.239987134933472
0.51715636,1.0,0.5171562,1.0,9.251106023788452
0.5171562,1.0,0.5171561,1.0,9.26222825050354
0.5171561,1.0,0.51715595,1.0,9.273254156112671
0.51715595,1.0,0.51715577,1.0,9.284345149993896
0.51715577,1.0,0.5171557,1.0,9.29545259475708
0.5171557,1.0,0.5171555,1.0,9.30651307106018
0.5171555,1.0,0.51715535,1.0,9.317646265029907
0.51715535,1.0,0.5171552,1.0,9.330014705657959
0.5171552,1.0,0.51715505,1.0,9.342060565948486
0.51715505,1.0,0.51715505,1.0,9.353210210800171
0.51715505,1.0,0.5171548,1.0,9.36434292793274
0.5171548,1.0,0.51715463,1.0,9.375389337539673
0.51715463,1.0,0.5171546,1.0,9.38643479347229
0.5171546,1.0,0.5171544,1.0,9.397468328475952
0.5171544,1.0,0.51715434,1.0,9.408795833587646
0.51715434,1.0,0.5171541,1.0,9.419926881790161
0.5171541,1.0,0.517154,1.0,9.431021213531494
0.517154,1.0,0.51715386,1.0,9.442166805267334
0.51715386,1.0,0.5171538,1.0,9.453285694122314
0.5171538,1.0,0.5171536,1.0,9.464379072189331
0.5171536,1.0,0.5171535,1.0,9.475599527359009
0.5171535,1.0,0.5171533,1.0,9.486773014068604
0.5171533,1.0,0.51715326,1.0,9.49792194366455
0.51715326,1.0,0.5171531,1.0,9.509002447128296
0.5171531,1.0,0.5171529,1.0,9.52006220817566
0.5171529,1.0,0.51715285,1.0,9.531102418899536
0.51715285,1.0,0.5171528,1.0,9.54224443435669
0.5171528,1.0,0.5171526,1.0,9.55329704284668
0.5171526,1.0,0.5171525,1.0,9.564499139785767
0.5171525,1.0,0.5171524,1.0,9.575550317764282
0.5171524,1.0,0.51715225,1.0,9.586618900299072
0.51715225,1.0,0.5171522,1.0,9.59769082069397
0.5171522,1.0,0.517152,1.0,9.608806848526001
0.517152,1.0,0.51715195,1.0,9.619904279708862
0.51715195,1.0,0.51715183,1.0,9.631033182144165
0.51715183,1.0,0.51715165,1.0,9.642119407653809
0.51715165,1.0,0.5171516,1.0,9.653274536132812
0.5171516,1.0,0.5171515,1.0,9.6643807888031
0.5171515,1.0,0.51715136,1.0,9.675496816635132
0.51715136,1.0,0.5171511,1.0,9.68657374382019
0.5171511,1.0,0.5171511,1.0,9.697628021240234
0.5171511,1.0,0.5171511,1.0,9.708702087402344
0.5171511,1.0,0.51715094,1.0,9.71975302696228
0.51715094,1.0,0.51715076,1.0,9.730775117874146
0.51715076,1.0,0.5171507,1.0,9.741788387298584
0.5171507,1.0,0.51715064,1.0,9.752969980239868
0.51715064,1.0,0.5171505,1.0,9.764065742492676
0.5171505,1.0,0.5171504,1.0,9.775161981582642
0.5171504,1.0,0.51715034,1.0,9.786247253417969
0.51715034,1.0,0.5171503,1.0,9.797314882278442
0.5171503,1.0,0.51715004,1.0,9.808410406112671
0.51715004,1.0,0.51715,1.0,9.819570064544678
0.51715,1.0,0.5171499,1.0,9.830695867538452
0.5171499,1.0,0.5171498,1.0,9.841768980026245
0.5171498,1.0,0.5171498,1.0,9.853000402450562
0.5171498,1.0,0.5171497,1.0,9.864192008972168
0.5171497,1.0,0.51714957,1.0,9.875337839126587
0.51714957,1.0,0.51714945,1.0,9.88644003868103
0.51714945,1.0,0.51714945,1.0,9.897576808929443
0.51714945,1.0,0.51714927,1.0,9.908663272857666
0.51714927,1.0,0.5171492,1.0,9.919796466827393
0.5171492,1.0,0.5171491,1.0,9.930895805358887
0.5171491,1.0,0.517149,1.0,9.94200587272644
0.517149,1.0,0.51714885,1.0,9.953145742416382
0.51714885,1.0,0.51714885,1.0,9.964300394058228
0.51714885,1.0,0.51714873,1.0,9.975404977798462
0.51714873,1.0,0.51714873,1.0,9.986478805541992
0.51714873,1.0,0.5171486,1.0,9.997570276260376
0.5171486,1.0,0.5171485,1.0,10.008634328842163
0.5171485,1.0,0.5171484,1.0,10.019682884216309
0.5171484,1.0,0.5171483,1.0,10.030774354934692
0.5171483,1.0,0.51714826,1.0,10.04184103012085
0.51714826,1.0,0.51714814,1.0,10.052950143814087
0.51714814,1.0,0.51714814,1.0,10.064058303833008
0.51714814,1.0,0.517148,1.0,10.075168371200562
0.517148,1.0,0.5171479,1.0,10.08627438545227
0.5171479,1.0,0.5171478,1.0,10.097400188446045
0.5171478,1.0,0.5171477,1.0,10.108482599258423
0.5171477,1.0,0.5171477,1.0,10.12174367904663
0.5171477,1.0,0.51714754,1.0,10.133105278015137
0.51714754,1.0,0.51714754,1.0,10.144286394119263
0.51714754,1.0,0.5171474,1.0,10.155418634414673
0.5171474,1.0,0.51714736,1.0,10.166477680206299
0.51714736,1.0,0.5171473,1.0,10.177534580230713
0.5171473,1.0,0.5171472,1.0,10.188627481460571
0.5171472,1.0,0.5171472,1.0,10.199724197387695
0.5171472,1.0,0.5171471,1.0,10.210769653320312
0.5171471,1.0,0.517147,1.0,10.222087144851685
0.517147,1.0,0.51714694,1.0,10.233140468597412
0.51714694,1.0,0.5171468,1.0,10.244232892990112
0.5171468,1.0,0.5171468,1.0,10.255367755889893
0.5171468,1.0,0.5171467,1.0,10.266522645950317
0.5171467,1.0,0.5171466,1.0,10.277819871902466
0.5171466,1.0,0.5171465,1.0,10.289117574691772
0.5171465,1.0,0.51714647,1.0,10.300290584564209
0.51714647,1.0,0.51714647,1.0,10.311577081680298
0.51714647,1.0,0.5171464,1.0,10.322883367538452
0.5171464,1.0,0.51714635,1.0,10.334030628204346
0.51714635,1.0,0.5171462,1.0,10.345166444778442
0.5171462,1.0,0.51714617,1.0,10.356467008590698
0.51714617,1.0,0.5171461,1.0,10.367653131484985
0.5171461,1.0,0.51714605,1.0,10.379166841506958
0.51714605,1.0,0.517146,1.0,10.391598224639893
0.517146,1.0,0.517146,1.0,10.404023170471191
0.517146,1.0,0.5171459,1.0,10.41642713546753
0.5171459,1.0,0.5171458,1.0,10.428897857666016
0.5171458,1.0,0.51714575,1.0,10.441297769546509
0.51714575,1.0,0.51714563,1.0,10.453894853591919
0.51714563,1.0,0.51714563,1.0,10.46635890007019
0.51714563,1.0,0.5171455,1.0,10.478803873062134
0.5171455,1.0,0.5171455,1.0,10.491437435150146
0.5171455,1.0,0.51714545,1.0,10.503989219665527
0.51714545,1.0,0.5171454,1.0,10.516496896743774
0.5171454,1.0,0.5171453,1.0,10.528982639312744
0.5171453,1.0,0.5171453,1.0,10.54145884513855
0.5171453,1.0,0.5171453,1.0,10.553931474685669
0.5171453,1.0,0.51714516,1.0,10.566279411315918
0.51714516,1.0,0.5171451,1.0,10.578712224960327
0.5171451,1.0,0.51714504,1.0,10.59106993675232
0.51714504,1.0,0.517145,1.0,10.603440761566162
0.517145,1.0,0.51714504,1.0,10.615907907485962
0.51714504,1.0,0.5171448,1.0,10.628291845321655
0.5171448,1.0,0.5171448,1.0,10.640690088272095
0.5171448,1.0,0.51714474,1.0,10.65307354927063
0.51714474,1.0,0.5171447,1.0,10.665600776672363
0.5171447,1.0,0.5171446,1.0,10.67802381515503
0.5171446,1.0,0.51714456,1.0,10.690403699874878
0.51714456,1.0,0.51714456,1.0,10.702870607376099
0.51714456,1.0,0.51714444,1.0,10.715314149856567
0.51714444,1.0,0.51714444,1.0,10.72776198387146
0.51714444,1.0,0.5171443,1.0,10.740211963653564
0.5171443,1.0,0.5171443,1.0,10.753118753433228
0.5171443,1.0,0.51714426,1.0,10.764561653137207
0.51714426,1.0,0.5171442,1.0,10.77588677406311
0.5171442,1.0,0.5171442,1.0,10.787061929702759
0.5171442,1.0,0.51714414,1.0,10.798824548721313
0.51714414,1.0,0.5171441,1.0,10.811282396316528
0.5171441,1.0,0.5171441,1.0,10.823795557022095
0.5171441,1.0,0.5171441,1.0,10.836268901824951
0.5171441,1.0,0.51714396,1.0,10.848673343658447
0.51714396,1.0,0.51714396,1.0,10.861285924911499
0.51714396,1.0,0.51714385,1.0,10.873859643936157
0.51714385,1.0,0.5171438,1.0,10.886306762695312
0.5171438,1.0,0.51714385,1.0,10.898848295211792
0.51714385,1.0,0.5171437,1.0,10.911381721496582
0.5171437,1.0,0.5171437,1.0,10.92392873764038
0.5171437,1.0,0.5171436,1.0,10.936399698257446
0.5171436,1.0,0.5171436,1.0,10.948883295059204
0.5171436,1.0,0.5171435,1.0,10.96134352684021
0.5171435,1.0,0.5171435,1.0,10.973777294158936
0.5171435,1.0,0.5171434,1.0,10.986219644546509
0.5171434,1.0,0.51714337,1.0,10.99862265586853
0.51714337,1.0,0.51714337,1.0,11.011031150817871
0.51714337,1.0,0.51714337,1.0,11.023505687713623
0.51714337,1.0,0.51714325,1.0,11.035890817642212
0.51714325,1.0,0.51714325,1.0,11.04828405380249
0.51714325,1.0,0.51714313,1.0,11.060773372650146
0.51714313,1.0,0.51714313,1.0,11.073281288146973
0.51714313,1.0,0.51714313,1.0,11.085761308670044
0.51714313,1.0,0.5171431,1.0,11.098236083984375
0.5171431,1.0,0.517143,1.0,11.110706090927124
0.517143,1.0,0.5171429,1.0,11.123154878616333
0.5171429,1.0,0.5171429,1.0,11.13563060760498
0.5171429,1.0,0.5171429,1.0,11.148240327835083
0.5171429,1.0,0.5171429,1.0,11.16071105003357
0.5171429,1.0,0.5171428,1.0,11.173172950744629
0.5171428,1.0,0.5171428,1.0,11.185532093048096
0.5171428,1.0,0.5171427,1.0,11.197937488555908
0.5171427,1.0,0.5171428,1.0,11.210285186767578
0.5171428,1.0,0.5171427,1.0,11.222610235214233
0.5171427,1.0,0.51714265,1.0,11.234967470169067
0.51714265,1.0,0.51714253,1.0,11.247467756271362
0.51714253,1.0,0.51714253,1.0,11.259892702102661
0.51714253,1.0,0.5171425,1.0,11.27237868309021
0.5171425,1.0,0.51714253,1.0,11.284823894500732
0.51714253,1.0,0.5171424,1.0,11.297329187393188
0.5171424,1.0,0.5171424,1.0,11.309820413589478
0.5171424,1.0,0.5171423,1.0,11.322325944900513
0.5171423,1.0,0.5171423,1.0,11.334783554077148
0.5171423,1.0,0.5171423,1.0,11.347192287445068
0.5171423,1.0,0.5171423,1.0,11.359712600708008
0.5171423,1.0,0.5171423,1.0,11.37216591835022
0.5171423,1.0,0.5171422,1.0,11.384647607803345
0.5171422,1.0,0.5171422,1.0,11.39704704284668
0.5171422,1.0,0.5171421,1.0,11.409422874450684
0.5171421,1.0,0.5171421,1.0,11.421881198883057
0.5171421,1.0,0.51714206,1.0,11.434280395507812
0.51714206,1.0,0.517142,1.0,11.446747541427612
0.517142,1.0,0.51714194,1.0,11.459185361862183
0.51714194,1.0,0.51714194,1.0,11.471651792526245
0.51714194,1.0,0.51714194,1.0,11.484095811843872
0.51714194,1.0,0.5171418,1.0,11.496508598327637
0.5171418,1.0,0.5171418,1.0,11.50893235206604
0.5171418,1.0,0.5171418,1.0,11.521287441253662
0.5171418,1.0,0.5171418,1.0,11.533645153045654
0.5171418,1.0,0.51714176,1.0,11.545997858047485
0.51714176,1.0,0.51714176,1.0,11.55828595161438
0.51714176,1.0,0.51714176,1.0,11.57055139541626
0.51714176,1.0,0.5171417,1.0,11.582826375961304
0.5171417,1.0,0.51714164,1.0,11.59511661529541
0.51714164,1.0,0.51714164,1.0,11.60738229751587
0.51714164,1.0,0.5171415,1.0,11.619746685028076
