0.71134365,0.5,0.710144,0.5,0.0009558200836181641
0.710144,0.5,0.7089907,0.5,0.0015895366668701172
0.7089907,0.5,0.70788074,0.5,0.002191305160522461
0.70788074,0.5,0.70681155,0.5,0.002785205841064453
0.70681155,0.5,0.7057804,0.5,0.003383159637451172
0.7057804,0.5,0.70478475,0.5,0.003978252410888672
0.70478475,0.5,0.7038223,0.5,0.004571676254272461
0.7038223,0.5,0.702891,0.5,0.005248546600341797
0.702891,0.5,0.7019886,0.5,0.005843162536621094
0.7019886,0.5,0.7011132,0.5,0.006435394287109375
0.7011132,0.5,0.70026314,0.5,0.007029056549072266
0.70026314,0.5,0.6994364,0.5,0.00762486457824707
0.6994364,0.5,0.69863147,0.5,0.008222341537475586
0.69863147,0.5,0.6978467,0.5,0.008817195892333984
0.6978467,0.5,0.6970806,0.5,0.00941920280456543
0.6970806,0.5,0.6963318,0.5,0.010013341903686523
0.6963318,0.5,0.69559884,0.5,0.010609149932861328
0.69559884,0.5,0.6948806,0.5,0.011208534240722656
0.6948806,0.5,0.69417566,0.5,0.011811971664428711
0.69417566,0.5,0.6934829,0.5,0.012406587600708008
0.6934829,0.5,0.69280124,0.5,0.01300191879272461
0.69280124,0.5,0.6921295,0.5,0.013609886169433594
0.6921295,0.5,0.6914666,0.5,0.014208078384399414
0.6914666,0.5,0.69081175,0.5,0.014800548553466797
0.69081175,0.5,0.69016373,0.5,0.015393733978271484
0.69016373,0.5,0.68952185,0.5,0.01598978042602539
0.68952185,0.5,0.688885,0.5,0.016585111618041992
0.688885,0.5,0.68825245,0.5,0.021085262298583984
0.68825245,0.5,0.6876234,0.5,0.021684646606445312
0.6876234,0.5,0.68699694,0.5,0.022278308868408203
0.68699694,0.5,0.6863723,0.5,0.02287149429321289
0.6863723,0.5,0.6857487,0.5,0.023463964462280273
0.6857487,0.5,0.6851254,0.5,0.024061203002929688
0.6851254,0.5,0.68450177,0.5,0.024658679962158203
0.68450177,0.5,0.683877,0.5,0.02526569366455078
0.683877,0.5,0.6832504,0.5,0.02586197853088379
0.6832504,0.5,0.68262136,0.5,0.02644944190979004
0.68262136,0.5,0.6819892,0.5,0.027039766311645508
0.6819892,0.5,0.6813532,0.5,0.02764129638671875
0.6813532,1.0,0.6807129,1.0,0.028232336044311523
0.6807129,1.0,0.68006754,1.0,0.02882528305053711
0.68006754,1.0,0.6794164,1.0,0.02943253517150879
0.6794164,1.0,0.6787591,1.0,0.030031681060791016
0.6787591,1.0,0.67809486,1.0,0.030621051788330078
0.67809486,1.0,0.67742324,1.0,0.031210899353027344
0.67742324,1.0,0.6767435,1.0,0.03179788589477539
0.6767435,1.0,0.6760552,1.0,0.032387733459472656
0.6760552,1.0,0.67535764,1.0,0.03297686576843262
0.67535764,1.0,0.6746503,1.0,0.033576250076293945
0.6746503,1.0,0.6739327,1.0,0.03417229652404785
0.6739327,1.0,0.67320406,1.0,0.03476309776306152
0.67320406,1.0,0.67246395,1.0,0.035353660583496094
0.67246395,1.0,0.6717118,1.0,0.03594803810119629
0.6717118,1.0,0.6709471,1.0,0.03654050827026367
0.6709471,1.0,0.6701691,1.0,0.037143707275390625
0.6701691,1.0,0.66937745,1.0,0.037735939025878906
0.66937745,1.0,0.6685715,1.0,0.038324594497680664
0.6685715,1.0,0.6677506,1.0,0.03891468048095703
0.6677506,1.0,0.6669142,1.0,0.03950834274291992
0.6669142,1.0,0.666062,1.0,0.04010128974914551
0.666062,1.0,0.6651931,1.0,0.040700435638427734
0.6651931,1.0,0.6643071,1.0,0.04130196571350098
0.6643071,1.0,0.6634034,1.0,0.041893720626831055
0.6634034,1.0,0.66248137,1.0,0.04248499870300293
0.66248137,1.0,0.6615405,1.0,0.043077707290649414
0.6615405,1.0,0.66058016,1.0,0.04366612434387207
0.66058016,1.0,0.6595999,1.0,0.04426288604736328
0.6595999,1.0,0.6585989,1.0,0.04485297203063965
0.6585989,1.0,0.6575768,1.0,0.04545283317565918
0.6575768,1.0,0.6565328,1.0,0.04604792594909668
0.6565328,1.0,0.65546656,1.0,0.046643972396850586
0.65546656,1.0,0.6543772,1.0,0.04723381996154785
0.6543772,1.0,0.6532643,1.0,0.04782390594482422
0.6532643,1.0,0.65212727,1.0,0.04841780662536621
0.65212727,1.0,0.65096533,1.0,0.04900979995727539
0.65096533,1.0,0.649778,1.0,0.049608707427978516
0.649778,1.0,0.6485647,1.0,0.05020022392272949
0.6485647,1.0,0.6473247,1.0,0.050795793533325195
0.6473247,1.0,0.6460575,1.0,0.05138874053955078
0.6460575,1.0,0.6447623,1.0,0.05197954177856445
0.6447623,1.0,0.6434387,1.0,0.05256962776184082
0.6434387,1.0,0.6420859,1.0,0.05317234992980957
0.6420859,1.0,0.6407033,1.0,0.05403423309326172
0.6407033,1.0,0.63929033,1.0,0.05462503433227539
0.63929033,1.0,0.63784635,1.0,0.05526566505432129
0.63784635,1.0,0.63637066,1.0,0.05593585968017578
0.63637066,1.0,0.6348627,1.0,0.056524038314819336
0.6348627,1.0,0.63332176,1.0,0.05712461471557617
0.63332176,1.0,0.63174736,1.0,0.05772137641906738
0.63174736,1.0,0.63013875,1.0,0.05831336975097656
0.63013875,1.0,0.62849534,1.0,0.0589139461517334
0.62849534,1.0,0.62681645,1.0,0.05950522422790527
0.62681645,1.0,0.6251015,1.0,0.06010174751281738
0.6251015,1.0,0.6233499,1.0,0.06069684028625488
0.6233499,1.0,0.62156105,1.0,0.06129860877990723
0.62156105,1.0,0.6197343,1.0,0.061891794204711914
0.6197343,1.0,0.617869,1.0,0.0624847412109375
0.617869,1.0,0.6159648,1.0,0.06307530403137207
0.6159648,1.0,0.6140208,1.0,0.06366634368896484
0.6140208,1.0,0.6120366,1.0,0.06425905227661133
0.6120366,1.0,0.6100116,1.0,0.06486654281616211
0.6100116,1.0,0.6079453,1.0,0.06546378135681152
0.6079453,1.0,0.6058371,1.0,0.06606078147888184
0.6058371,1.0,0.6037544,1.0,0.06665658950805664
0.6037544,1.0,0.60214543,1.0,0.06724667549133301
0.60214543,1.0,0.599927,1.0,0.06783628463745117
0.599927,1.0,0.5976649,1.0,0.06842756271362305
0.5976649,1.0,0.59551466,1.0,0.06902050971984863
0.59551466,1.0,0.59376454,1.0,0.06962060928344727
0.59376454,1.0,0.59138685,1.0,0.07021880149841309
0.59138685,1.0,0.58896375,1.0,0.07080745697021484
0.58896375,1.0,0.58687353,1.0,0.07139754295349121
0.58687353,1.0,0.58485305,1.0,0.07202482223510742
0.58485305,1.0,0.58230966,1.0,0.07261157035827637
0.58230966,1.0,0.5797198,1.0,0.0732119083404541
0.5797198,1.0,0.5778487,1.0,0.07380533218383789
0.5778487,1.0,0.5753988,1.0,0.07439994812011719
0.5753988,1.0,0.5726844,1.0,0.07498645782470703
0.5726844,1.0,0.5701904,1.0,0.07557964324951172
0.5701904,1.0,0.5682193,1.0,0.0761711597442627
0.5682193,1.0,0.56537735,1.0,0.07676005363464355
0.56537735,1.0,0.56248844,1.0,0.07735800743103027
0.56248844,1.0,0.5605745,1.0,0.07795190811157227
0.5605745,1.0,0.55781794,1.0,0.07855057716369629
0.55781794,1.0,0.5547987,1.0,0.07913851737976074
0.5547987,1.0,0.55242,1.0,0.07973575592041016
0.55242,1.0,0.54999256,1.0,0.08032774925231934
0.54999256,1.0,0.5468413,1.0,0.0809164047241211
0.5468413,1.0,0.5440964,1.0,0.0815122127532959
0.5440964,1.0,0.541904,1.0,0.08210921287536621
0.541904,1.0,0.5386194,1.0,0.08269953727722168
0.5386194,1.0,0.5356253,1.0,0.08328938484191895
0.5356253,1.0,0.53355587,1.0,0.08387923240661621
0.53355587,1.0,0.5301376,1.0,0.08446860313415527
0.5301376,1.0,0.52702874,1.0,0.08507585525512695
0.52702874,1.0,0.5249535,1.0,0.08566546440124512
0.5249535,1.0,0.5214019,1.0,0.08625984191894531
0.5214019,1.0,0.5183293,1.0,0.08684825897216797
0.5183293,1.0,0.51610357,1.0,0.08744168281555176
0.51610357,1.0,0.51242006,1.0,0.08803009986877441
0.51242006,1.0,0.5095493,1.0,0.08862018585205078
0.5095493,1.0,0.5070143,1.0,0.08921480178833008
0.5070143,1.0,0.50320125,1.0,0.08980560302734375
0.50320125,1.0,0.5007111,1.0,0.09039735794067383
0.5007111,1.0,0.4976955,1.0,0.09099578857421875
0.4976955,1.0,0.49375635,1.0,0.09159088134765625
0.49375635,1.0,0.49183586,1.0,0.09218096733093262
0.49183586,1.0,0.48815873,1.0,0.09276866912841797
0.48815873,1.0,0.48457077,1.0,0.09336328506469727
0.48457077,1.0,0.48252535,1.0,0.09396100044250488
0.48252535,1.0,0.47836682,1.0,0.09455108642578125
0.47836682,1.0,0.47577932,1.0,0.09514117240905762
0.47577932,1.0,0.47265357,1.0,0.09573125839233398
0.47265357,1.0,0.468529,1.0,0.09632349014282227
0.468529,1.0,0.46690926,1.0,0.09691429138183594
0.46690926,1.0,0.46254218,1.0,0.0975186824798584
0.46254218,1.0,0.45987558,1.0,0.09811234474182129
0.45987558,1.0,0.45673245,1.0,0.09871029853820801
0.45673245,1.0,0.45268393,1.0,0.09930157661437988
0.45268393,1.0,0.45089656,1.0,0.09989237785339355
0.45089656,1.0,0.44633874,1.0,0.1004786491394043
0.44633874,1.0,0.4442122,1.0,0.10107707977294922
0.4442122,1.0,0.44045436,1.0,0.10167670249938965
0.44045436,1.0,0.4371165,1.0,0.10226678848266602
0.4371165,1.0,0.4345494,1.0,0.1029200553894043
0.4345494,1.0,0.4301265,1.0,0.10351371765136719
0.4301265,1.0,0.4286232,1.0,0.10410928726196289
0.4286232,1.0,0.42380905,1.0,0.10470104217529297
0.42380905,1.0,0.42204693,1.0,0.10529947280883789
0.42204693,1.0,0.41786212,1.0,0.10589027404785156
0.41786212,1.0,0.41518414,1.0,0.10648369789123535
0.41518414,1.0,0.41190124,1.0,0.10707640647888184
0.41190124,1.0,0.4084448,1.0,0.1076664924621582
0.4084448,1.0,0.40592664,1.0,0.1082615852355957
0.40592664,1.0,0.4018286,1.0,0.10885238647460938
0.4018286,1.0,0.39993963,1.0,0.1094512939453125
0.39993963,1.0,0.39533505,1.0,0.11004328727722168
0.39533505,1.0,0.39394188,1.0,0.1106417179107666
0.39394188,1.0,0.3889631,1.0,0.11123490333557129
0.3889631,1.0,0.38793573,1.0,0.11182522773742676
0.38793573,1.0,0.38272157,1.0,0.11241483688354492
0.38272157,1.0,0.38184923,1.0,0.11300253868103027
0.38184923,1.0,0.37676555,1.0,0.1136009693145752
0.37676555,1.0,0.37560707,1.0,0.11419200897216797
0.37560707,1.0,0.37081093,1.0,0.11478328704833984
0.37081093,1.0,0.36949784,1.0,0.11537361145019531
0.36949784,1.0,0.3648606,1.0,0.11596369743347168
0.3648606,1.0,0.3635183,1.0,0.11655616760253906
0.3635183,1.0,0.35891795,1.0,0.1171576976776123
0.35891795,1.0,0.35766542,1.0,0.11774992942810059
0.35766542,1.0,0.3529868,1.0,0.11834025382995605
0.3529868,1.0,0.3519358,1.0,0.11893153190612793
0.3519358,1.0,0.34707144,1.0,0.1195225715637207
0.34707144,1.0,0.3463266,1.0,0.12011075019836426
0.3463266,1.0,0.34132963,1.0,0.12069964408874512
0.34132963,1.0,0.34073892,1.0,0.12129712104797363
0.34073892,1.0,0.33608216,1.0,0.12188959121704102
0.33608216,1.0,0.33476332,1.0,0.1224818229675293
0.33476332,1.0,0.33092812,1.0,0.12307429313659668
0.33092812,1.0,0.32882702,1.0,0.12366557121276855
0.32882702,1.0,0.32586676,1.0,0.12425899505615234
0.32586676,1.0,0.3229344,1.0,0.12485623359680176
0.3229344,1.0,0.32089716,1.0,0.1254560947418213
0.32089716,1.0,0.31708977,1.0,0.12605023384094238
0.31708977,1.0,0.31601837,1.0,0.12664127349853516
0.31601837,1.0,0.3114879,1.0,0.12723350524902344
0.3114879,1.0,0.31108856,1.0,0.1278245449066162
0.31108856,1.0,0.3069273,1.0,0.12841081619262695
0.3069273,1.0,0.3052176,1.0,0.12900710105895996
0.3052176,1.0,0.30243525,1.0,0.1296083927154541
0.30243525,1.0,0.2994237,1.0,0.13019537925720215
0.2994237,1.0,0.29801264,1.0,0.130784273147583
0.29801264,1.0,0.29379028,1.0,0.13137388229370117
0.29379028,1.0,0.29362243,1.0,0.13196372985839844
0.29362243,1.0,0.28965122,1.0,0.1325538158416748
0.28965122,1.0,0.28783876,1.0,0.13315248489379883
0.28783876,1.0,0.28556374,1.0,0.1337432861328125
0.28556374,1.0,0.28215873,1.0,0.13433218002319336
0.28215873,1.0,0.28153017,1.0,0.1349196434020996
0.28153017,1.0,0.27759263,1.0,0.13551807403564453
0.27759263,1.0,0.2765801,1.0,0.13611125946044922
0.2765801,1.0,0.27381426,1.0,0.1367042064666748
0.27381426,1.0,0.2709477,1.0,0.13730549812316895
0.2709477,1.0,0.27007544,1.0,0.13789606094360352
0.27007544,1.0,0.26635188,1.0,0.13848590850830078
0.26635188,1.0,0.26550242,1.0,0.13907504081726074
0.26550242,1.0,0.26284227,1.0,0.13966822624206543
0.26284227,1.0,0.25995296,1.0,0.1402587890625
0.25995296,1.0,0.25936157,1.0,0.14084959030151367
0.25936157,1.0,0.25583595,1.0,0.14145398139953613
0.25583595,1.0,0.25465629,1.0,0.14205670356750488
0.25465629,1.0,0.25256306,1.0,0.14264917373657227
0.25256306,1.0,0.24922189,1.0,0.14324140548706055
0.24922189,1.0,0.24931106,1.0,0.14384102821350098
0.24931106,1.0,0.24596989,1.0,0.14443469047546387
0.24596989,1.0,0.24408835,1.0,0.14522004127502441
0.24408835,1.0,0.24290769,1.0,0.14581942558288574
0.24290769,1.0,0.23970184,1.0,0.14641284942626953
0.23970184,1.0,0.23897934,1.0,0.1470036506652832
0.23897934,1.0,0.2368089,1.0,0.14759564399719238
0.2368089,1.0,0.23372835,1.0,0.1481926441192627
0.23372835,1.0,0.23390228,1.0,0.14878463745117188
0.23390228,1.0,0.23098749,1.0,0.1493833065032959
0.23098749,1.0,0.22862273,1.0,0.14997577667236328
0.22862273,1.0,0.22824696,1.0,0.15056800842285156
0.22824696,1.0,0.22531226,1.0,0.15115690231323242
0.22531226,1.0,0.2237662,1.0,0.1517496109008789
0.2237662,1.0,0.22271599,1.0,0.15233945846557617
0.22271599,1.0,0.21989362,1.0,0.15293216705322266
0.21989362,1.0,0.21895157,1.0,0.15352940559387207
0.21895157,1.0,0.21742755,1.0,0.15412116050720215
0.21742755,1.0,0.21471012,1.0,0.15471577644348145
0.21471012,1.0,0.21418752,1.0,0.15530848503112793
0.21418752,1.0,0.21236223,1.0,0.15590119361877441
0.21236223,1.0,0.20974316,1.0,0.1564950942993164
0.20974316,1.0,0.20948233,1.0,0.15709137916564941
0.20948233,1.0,0.20750335,1.0,0.1576848030090332
0.20750335,1.0,0.20497684,1.0,0.15827322006225586
0.20497684,1.0,0.20484361,1.0,0.15886402130126953
0.20484361,1.0,0.20283626,1.0,0.1594536304473877
0.20283626,1.0,0.20039724,1.0,0.16004395484924316
0.20039724,1.0,0.20027791,1.0,0.16064047813415527
0.20027791,1.0,0.19834809,1.0,0.16124510765075684
0.19834809,1.0,0.19599217,1.0,0.1618361473083496
0.19599217,1.0,0.19579121,1.0,0.16242504119873047
0.19579121,1.0,0.19402774,1.0,0.16301536560058594
0.19402774,1.0,0.19175062,1.0,0.1636049747467041
0.19175062,1.0,0.19138831,1.0,0.16419625282287598
0.19138831,1.0,0.18986505,1.0,0.16478657722473145
0.18986505,1.0,0.18766299,1.0,0.16539287567138672
0.18766299,1.0,0.18707329,1.0,0.16598296165466309
0.18707329,1.0,0.18585092,1.0,0.16657328605651855
0.18585092,1.0,0.1837205,1.0,0.16717243194580078
0.1837205,1.0,0.18284905,1.0,0.16776823997497559
0.18284905,1.0,0.18197739,1.0,0.1683645248413086
0.18197739,1.0,0.17991538,1.0,0.16895627975463867
0.17991538,1.0,0.17871806,1.0,0.16955828666687012
0.17871806,1.0,0.17823684,1.0,0.17014765739440918
0.17823684,1.0,0.17624025,1.0,0.17073774337768555
0.17624025,1.0,0.174682,1.0,0.17132568359375
0.174682,1.0,0.17462258,1.0,0.17191624641418457
0.17462258,1.0,0.1726888,1.0,0.17250895500183105
0.1726888,1.0,0.17080735,1.0,0.17311620712280273
0.17080735,1.0,0.17106697,1.0,0.1737074851989746
0.17106697,1.0,0.16931957,1.0,0.174299955368042
0.16931957,1.0,0.16749248,1.0,0.1748950481414795
0.16749248,1.0,0.16710134,1.0,0.17548847198486328
0.16710134,1.0,0.1660504,1.0,0.17608141899108887
0.1660504,1.0,0.16427617,1.0,0.17667341232299805
0.16427617,1.0,0.16325246,1.0,0.17728114128112793
0.16325246,1.0,0.16287819,1.0,0.17789101600646973
0.16287819,1.0,0.16115518,1.0,0.17850184440612793
0.16115518,1.0,0.15951717,1.0,0.17911839485168457
0.15951717,1.0,0.15979956,1.0,0.17972517013549805
0.15979956,1.0,0.15812641,1.0,0.18032121658325195
0.15812641,1.0,0.15649658,1.0,0.18091773986816406
0.15649658,1.0,0.15620854,1.0,0.1815178394317627
0.15620854,1.0,0.15524104,1.0,0.18210697174072266
0.15524104,1.0,0.1536548,1.0,0.18269801139831543
0.1536548,1.0,0.15257822,1.0,0.1832876205444336
0.15257822,1.0,0.15243208,1.0,0.18387818336486816
0.15243208,1.0,0.1508887,1.0,0.18446683883666992
0.1508887,1.0,0.14938402,1.0,0.18506574630737305
0.14938402,1.0,0.14938504,1.0,0.18565750122070312
0.14938504,1.0,0.1482459,1.0,0.18625164031982422
0.1482459,1.0,0.14677916,1.0,0.18683981895446777
0.14677916,1.0,0.14588627,1.0,0.18743157386779785
0.14588627,1.0,0.14566723,1.0,0.18802285194396973
0.14566723,1.0,0.14423785,1.0,0.188615083694458
0.14423785,1.0,0.1428434,1.0,0.18922066688537598
0.1428434,1.0,0.14282481,1.0,0.18981695175170898
0.14282481,1.0,0.14180426,1.0,0.19040751457214355
0.14180426,1.0,0.14044327,1.0,0.19099998474121094
0.14044327,1.0,0.13947451,1.0,0.1915907859802246
0.13947451,1.0,0.13942537,1.0,0.19218897819519043
0.13942537,1.0,0.13809748,1.0,0.19278550148010254
0.13809748,1.0,0.1368013,1.0,0.1933896541595459
0.1368013,1.0,0.13655443,1.0,0.19398117065429688
0.13655443,1.0,0.13584694,1.0,0.19457077980041504
0.13584694,1.0,0.1345806,1.0,0.19515776634216309
0.1345806,1.0,0.13336153,1.0,0.19575238227844238
0.13336153,1.0,0.13364376,1.0,0.19634461402893066
0.13364376,1.0,0.13240708,1.0,0.19693613052368164
0.13240708,1.0,0.13119918,1.0,0.19753599166870117
0.13119918,1.0,0.13058682,1.0,0.19813013076782227
0.13058682,1.0,0.1303185,1.0,0.19872570037841797
0.1303185,1.0,0.12913746,1.0,0.19938087463378906
0.12913746,1.0,0.12798323,1.0,0.19997477531433105
0.12798323,1.0,0.12784086,1.0,0.20056462287902832
0.12784086,1.0,0.12715259,1.0,0.20115923881530762
0.12715259,1.0,0.12602282,1.0,0.2017500400543213
0.12602282,1.0,0.12491822,1.0,0.20233774185180664
0.12491822,1.0,0.12513115,1.0,0.20292878150939941
0.12513115,1.0,0.124132566,1.0,0.2035207748413086
0.124132566,1.0,0.12305025,1.0,0.20411014556884766
0.12305025,1.0,0.1221839,1.0,0.20470046997070312
0.1221839,1.0,0.12227464,1.0,0.20531749725341797
0.12227464,1.0,0.12121488,1.0,0.20591187477111816
0.12121488,1.0,0.12017842,1.0,0.206498384475708
0.12017842,1.0,0.11964166,1.0,0.20708632469177246
0.11964166,1.0,0.11944397,1.0,0.20767807960510254
0.11944397,1.0,0.11842821,1.0,0.2082681655883789
0.11842821,1.0,0.11743425,1.0,0.20886015892028809
0.11743425,1.0,0.11713906,1.0,0.20945453643798828
0.11713906,1.0,0.11673703,1.0,0.21004414558410645
0.11673703,1.0,0.115762085,1.0,0.2106337547302246
0.115762085,1.0,0.11480781,1.0,0.21122407913208008
0.11480781,1.0,0.1146808,1.0,0.2118244171142578
0.1146808,1.0,0.114144504,1.0,0.2124166488647461
0.114144504,1.0,0.11320786,1.0,0.21300864219665527
0.11320786,1.0,0.11229058,1.0,0.2136070728302002
0.11229058,1.0,0.11227055,1.0,0.21419930458068848
0.11227055,1.0,0.111658365,1.0,0.21479034423828125
0.111658365,1.0,0.110757604,1.0,0.2153928279876709
0.110757604,1.0,0.10987519,1.0,0.2159862518310547
0.10987519,1.0,0.10991109,1.0,0.21657991409301758
0.10991109,1.0,0.10927151,1.0,0.21718049049377441
0.10927151,1.0,0.10840436,1.0,0.21777844429016113
0.10840436,1.0,0.10755478,1.0,0.21837687492370605
0.10755478,1.0,0.10760443,1.0,0.21896982192993164
0.10760443,1.0,0.106977485,1.0,0.21956491470336914
0.106977485,1.0,0.10614218,1.0,0.22015881538391113
0.10614218,1.0,0.10532346,1.0,0.22075128555297852
0.10532346,1.0,0.105351955,1.0,0.22135138511657715
0.105351955,1.0,0.10477059,1.0,0.22194123268127441
0.10477059,1.0,0.10396534,1.0,0.2225344181060791
0.10396534,1.0,0.10317582,1.0,0.22312617301940918
0.10317582,1.0,0.103154525,1.0,0.22371506690979004
0.103154525,1.0,0.1026458,1.0,0.22431540489196777
0.1026458,1.0,0.10186896,1.0,0.22490811347961426
0.10186896,1.0,0.10110713,1.0,0.2255086898803711
0.10110713,1.0,0.10101247,1.0,0.22609972953796387
0.10101247,1.0,0.10059823,1.0,0.22669100761413574
0.10059823,1.0,0.0998484,1.0,0.22727680206298828
0.0998484,1.0,0.09911273,1.0,0.22786712646484375
0.09911273,1.0,0.09892572,1.0,0.2284562587738037
0.09892572,1.0,0.09862381,1.0,0.2290501594543457
0.09862381,1.0,0.09789948,1.0,0.22963833808898926
0.09789948,1.0,0.09718886,1.0,0.23023533821105957
0.09718886,1.0,0.09689405,1.0,0.23082709312438965
0.09689405,1.0,0.09671847,1.0,0.23141884803771973
0.09671847,1.0,0.09601854,1.0,0.23207402229309082
0.09601854,1.0,0.09533158,1.0,0.23266386985778809
0.09533158,1.0,0.09491697,1.0,0.23326349258422852
0.09491697,1.0,0.094878726,1.0,0.23385167121887207
0.094878726,1.0,0.09420202,1.0,0.23443937301635742
0.09420202,1.0,0.0935376,1.0,0.23502802848815918
0.0935376,1.0,0.092993505,1.0,0.23561739921569824
0.092993505,1.0,0.09310124,1.0,0.23620820045471191
0.09310124,1.0,0.09244656,1.0,0.23680543899536133
0.09244656,1.0,0.09180376,1.0,0.23740696907043457
0.09180376,1.0,0.09117232,1.0,0.23799753189086914
0.09117232,1.0,0.091329955,1.0,0.23859286308288574
0.091329955,1.0,0.090765394,1.0,0.23918437957763672
0.090765394,1.0,0.09014246,1.0,0.2397768497467041
0.09014246,1.0,0.08953047,1.0,0.24036478996276855
0.08953047,1.0,0.08946206,1.0,0.24095749855041504
0.08946206,1.0,0.08913684,1.0,0.24155950546264648
0.08913684,1.0,0.088533,1.0,0.24215412139892578
0.088533,1.0,0.08793969,1.0,0.24274587631225586
0.08793969,1.0,0.08765213,1.0,0.2433457374572754
0.08765213,1.0,0.08755857,1.0,0.24394702911376953
0.08755857,1.0,0.08697311,1.0,0.24454069137573242
0.08697311,1.0,0.08639775,1.0,0.24514102935791016
0.08639775,1.0,0.08589804,1.0,0.24573421478271484
0.08589804,1.0,0.08602868,1.0,0.24635648727416992
0.08602868,1.0,0.085460864,1.0,0.2469482421875
0.085460864,1.0,0.08490269,1.0,0.24753761291503906
0.08490269,1.0,0.08435386,1.0,0.24812793731689453
0.08435386,1.0,0.0843856,1.0,0.2487187385559082
0.0843856,1.0,0.08400769,1.0,0.24932384490966797
0.08400769,1.0,0.08346552,1.0,0.24991559982299805
0.08346552,1.0,0.08293238,1.0,0.25050806999206543
0.08293238,1.0,0.0826938,1.0,0.2510991096496582
0.0826938,1.0,0.08259607,1.0,0.2516896724700928
0.08259607,1.0,0.08206944,1.0,0.25227904319763184
0.08206944,1.0,0.08155142,1.0,0.2528648376464844
0.08155142,1.0,0.08105783,1.0,0.2534651756286621
0.08105783,1.0,0.081224695,1.0,0.2540562152862549
0.081224695,1.0,0.080713026,1.0,0.25464606285095215
0.080713026,1.0,0.08020959,1.0,0.2552342414855957
0.08020959,1.0,0.079714276,1.0,0.2558269500732422
0.079714276,1.0,0.07964985,1.0,0.25641703605651855
0.07964985,1.0,0.07940657,1.0,0.2570061683654785
0.07940657,1.0,0.07891687,1.0,0.25760746002197266
0.07891687,1.0,0.07843487,1.0,0.25820040702819824
0.07843487,1.0,0.07807891,1.0,0.2587893009185791
0.07807891,1.0,0.07813519,1.0,0.25937891006469727
0.07813519,1.0,0.07765876,1.0,0.2599658966064453
0.07765876,1.0,0.0771898,1.0,0.26055240631103516
0.0771898,1.0,0.076728165,1.0,0.26114702224731445
0.076728165,1.0,0.076728486,1.0,0.26173877716064453
0.076728486,1.0,0.07644492,1.0,0.26233530044555664
0.07644492,1.0,0.075988166,1.0,0.2629256248474121
0.075988166,1.0,0.075538516,1.0,0.2635157108306885
0.075538516,1.0,0.07522592,1.0,0.26410555839538574
0.07522592,1.0,0.07526207,1.0,0.2646949291229248
0.07526207,1.0,0.074817196,1.0,0.26529479026794434
0.074817196,1.0,0.07437916,1.0,0.2658834457397461
0.07437916,1.0,0.07394773,1.0,0.2664766311645508
0.07394773,1.0,0.073935404,1.0,0.26706671714782715
0.073935404,1.0,0.07368583,1.0,0.2676572799682617
0.07368583,1.0,0.07325872,1.0,0.26825618743896484
0.07325872,1.0,0.072838046,1.0,0.268848180770874
0.072838046,1.0,0.07250237,1.0,0.26944446563720703
0.07250237,1.0,0.07258205,1.0,0.270035982131958
0.07258205,1.0,0.07216563,1.0,0.2706282138824463
0.07216563,1.0,0.071755454,1.0,0.27121877670288086
0.071755454,1.0,0.07135122,1.0,0.2718088626861572
0.07135122,1.0,0.07127217,1.0,0.27239418029785156
0.07127217,1.0,0.07110812,1.0,0.2729818820953369
0.07110812,1.0,0.07070778,1.0,0.27358174324035645
0.07070778,1.0,0.07031341,1.0,0.27417564392089844
0.07031341,1.0,0.069924556,1.0,0.2747774124145508
0.069924556,1.0,0.07005606,1.0,0.275374174118042
0.07005606,1.0,0.069693215,1.0,0.27596449851989746
0.069693215,1.0,0.069308,1.0,0.2765531539916992
0.069308,1.0,0.06892826,1.0,0.2771568298339844
0.06892826,1.0,0.06871135,1.0,0.27775073051452637
0.06871135,1.0,0.068701394,1.0,0.27834153175354004
0.068701394,1.0,0.06832528,1.0,0.2789318561553955
0.06832528,1.0,0.06795441,1.0,0.2795233726501465
0.06795441,1.0,0.0675888,1.0,0.28011369705200195
0.0675888,1.0,0.06755812,1.0,0.28070998191833496
0.06755812,1.0,0.067372575,1.0,0.2813091278076172
0.067372575,1.0,0.06701024,1.0,0.28189969062805176
0.06701024,1.0,0.066652864,1.0,0.2824885845184326
0.066652864,1.0,0.066300415,1.0,0.2830793857574463
0.066300415,1.0,0.06642091,1.0,0.2836720943450928
0.06642091,1.0,0.06609399,1.0,0.2842597961425781
0.06609399,1.0,0.06574461,1.0,0.284848690032959
0.06574461,1.0,0.06539993,1.0,0.2854471206665039
0.06539993,1.0,0.06516655,1.0,0.2860405445098877
0.06516655,1.0,0.06519703,1.0,0.28662848472595215
0.06519703,1.0,0.0648554,1.0,0.2872273921966553
0.0648554,1.0,0.06451836,1.0,0.2878148555755615
0.06451836,1.0,0.06418592,1.0,0.2884056568145752
0.06418592,1.0,0.0640913,1.0,0.28899478912353516
0.0640913,1.0,0.0639919,1.0,0.28959059715270996
0.0639919,1.0,0.063662246,1.0,0.29018306732177734
0.063662246,1.0,0.06333697,1.0,0.2907712459564209
0.06333697,1.0,0.06301589,1.0,0.29136157035827637
0.06301589,1.0,0.063032605,1.0,0.2919504642486572
0.063032605,1.0,0.06283012,1.0,0.2925436496734619
0.06283012,1.0,0.06251164,1.0,0.2931358814239502
0.06251164,1.0,0.062197424,1.0,0.2937333583831787
0.062197424,1.0,0.06188725,1.0,0.2943234443664551
0.06188725,1.0,0.061991587,1.0,0.2949697971343994
0.061991587,1.0,0.061709102,1.0,0.2955639362335205
0.061709102,1.0,0.061401255,1.0,0.2961537837982178
0.061401255,1.0,0.061097458,1.0,0.29674196243286133
0.061097458,1.0,0.060846727,1.0,0.29734110832214355
0.060846727,1.0,0.06092196,1.0,0.29793381690979004
0.06092196,1.0,0.060620517,1.0,0.2985215187072754
0.060620517,1.0,0.060322955,1.0,0.2991147041320801
0.060322955,1.0,0.060029164,1.0,0.2997152805328369
0.060029164,1.0,0.059865713,1.0,0.3003044128417969
0.059865713,1.0,0.059860796,1.0,0.30089569091796875
0.059860796,1.0,0.059569262,1.0,0.3014953136444092
0.059569262,1.0,0.059281394,1.0,0.3020920753479004
0.059281394,1.0,0.05899713,1.0,0.3026854991912842
0.05899713,1.0,0.05890145,1.0,0.30327868461608887
0.05890145,1.0,0.058835242,1.0,0.30387043952941895
0.058835242,1.0,0.05855309,1.0,0.30446386337280273
0.05855309,1.0,0.05827448,1.0,0.3050649166107178
0.05827448,1.0,0.057999257,1.0,0.30904626846313477
0.057999257,1.0,0.0579547,1.0,0.3096506595611572
0.0579547,1.0,0.057843566,1.0,0.31024742126464844
0.057843566,1.0,0.0575703,1.0,0.310837984085083
0.0575703,1.0,0.057300363,1.0,0.3114280700683594
0.057300363,1.0,0.057033695,1.0,0.3120429515838623
0.057033695,1.0,0.057025913,1.0,0.3126342296600342
0.057025913,1.0,0.056883782,1.0,0.31324172019958496
0.056883782,1.0,0.056618974,1.0,0.31383419036865234
0.056618974,1.0,0.05635733,1.0,0.3144259452819824
0.05635733,1.0,0.05609885,1.0,0.3150174617767334
0.05609885,1.0,0.056115456,1.0,0.3156092166900635
0.056115456,1.0,0.0559543,1.0,0.3162078857421875
0.0559543,1.0,0.055697523,1.0,0.3168010711669922
0.055697523,1.0,0.05544386,1.0,0.3174011707305908
0.05544386,1.0,0.055193134,1.0,0.3179931640625
0.055193134,1.0,0.055223316,1.0,0.3186156749725342
0.055223316,1.0,0.05505364,1.0,0.3192112445831299
0.05505364,1.0,0.05480458,1.0,0.31979894638061523
0.05480458,1.0,0.05455846,1.0,0.3203885555267334
0.05455846,1.0,0.054315113,1.0,0.32097768783569336
0.054315113,1.0,0.054349713,1.0,0.3215775489807129
0.054349713,1.0,0.054180432,1.0,0.32217955589294434
0.054180432,1.0,0.05393871,1.0,0.32277846336364746
0.05393871,1.0,0.053699754,1.0,0.32336974143981934
0.053699754,1.0,0.05346358,1.0,0.3239617347717285
0.05346358,1.0,0.053494606,1.0,0.3245506286621094
0.053494606,1.0,0.053333294,1.0,0.3251500129699707
0.053333294,1.0,0.053098585,1.0,0.325742244720459
0.053098585,1.0,0.052866593,1.0,0.32633447647094727
0.052866593,1.0,0.05263715,1.0,0.3269236087799072
0.05263715,1.0,0.052657954,1.0,0.3275148868560791
0.052657954,1.0,0.052511122,1.0,0.328106164932251
0.052511122,1.0,0.0522831,1.0,0.3287014961242676
0.0522831,1.0,0.052057635,1.0,0.3292992115020752
0.052057635,1.0,0.05183466,1.0,0.3298921585083008
0.05183466,1.0,0.05183945,1.0,0.33048152923583984
0.05183945,1.0,0.05171275,1.0,0.3310730457305908
0.05171275,1.0,0.051491156,1.0,0.3316633701324463
0.051491156,1.0,0.051272005,1.0,0.33225393295288086
0.051272005,1.0,0.05105523,1.0,0.33284521102905273
0.05105523,1.0,0.05103911,1.0,0.33344101905822754
0.05103911,1.0,0.05093713,1.0,0.33403682708740234
0.05093713,1.0,0.050721638,1.0,0.33463048934936523
0.050721638,1.0,0.050508525,1.0,0.3352205753326416
0.050508525,1.0,0.050297797,1.0,0.3358185291290283
0.050297797,1.0,0.050256472,1.0,0.3364119529724121
0.050256472,1.0,0.050183367,1.0,0.33699965476989746
0.050183367,1.0,0.0499737,1.0,0.3375978469848633
0.0499737,1.0,0.049766473,1.0,0.33819580078125
0.049766473,1.0,0.04956135,1.0,0.3387885093688965
0.04956135,1.0,0.049491398,1.0,0.33938050270080566
0.049491398,1.0,0.04945039,1.0,0.3399677276611328
0.04945039,1.0,0.049246453,1.0,0.3405606746673584
0.049246453,1.0,0.04904468,1.0,0.34119081497192383
0.04904468,1.0,0.048845056,1.0,0.3417847156524658
0.048845056,1.0,0.04874348,1.0,0.3423764705657959
0.04874348,1.0,0.048737362,1.0,0.342970609664917
0.048737362,1.0,0.048538886,1.0,0.34356164932250977
0.048538886,1.0,0.04834251,1.0,0.34415173530578613
0.04834251,1.0,0.048148125,1.0,0.3447425365447998
0.048148125,1.0,0.04801241,1.0,0.34534573554992676
0.04801241,1.0,0.04804361,1.0,0.34593963623046875
0.04804361,1.0,0.047850315,1.0,0.3465301990509033
0.047850315,1.0,0.047659073,1.0,0.3471193313598633
0.047659073,1.0,0.047469817,1.0,0.34772467613220215
0.047469817,1.0,0.047297895,1.0,0.34831738471984863
0.047297895,1.0,0.04736827,1.0,0.3489100933074951
0.04736827,1.0,0.04717995,1.0,0.34950900077819824
0.04717995,1.0,0.046993673,1.0,0.35010576248168945
0.046993673,1.0,0.04680928,1.0,0.35070037841796875
0.04680928,1.0,0.046626758,1.0,0.351442813873291
0.046626758,1.0,0.046681978,1.0,0.35205984115600586
0.046681978,1.0,0.046530135,1.0,0.35265421867370605
0.046530135,1.0,0.046348497,1.0,0.3532600402832031
0.046348497,1.0,0.046168685,1.0,0.35386180877685547
0.046168685,1.0,0.045990746,1.0,0.35445141792297363
0.045990746,1.0,0.04598675,1.0,0.355043888092041
0.04598675,1.0,0.045896728,1.0,0.35564422607421875
0.045896728,1.0,0.045719568,1.0,0.35623717308044434
0.045719568,1.0,0.045544285,1.0,0.35683178901672363
0.045544285,1.0,0.045370713,1.0,0.35743260383605957
0.045370713,1.0,0.045308363,1.0,0.35802578926086426
0.045308363,1.0,0.045279153,1.0,0.35861778259277344
0.045279153,1.0,0.045106363,1.0,0.3592112064361572
0.045106363,1.0,0.044935394,1.0,0.3598134517669678
0.044935394,1.0,0.044766027,1.0,0.3604164123535156
0.044766027,1.0,0.04464636,1.0,0.3610110282897949
0.04464636,1.0,0.044676833,1.0,0.36162638664245605
0.044676833,1.0,0.044508304,1.0,0.36222028732299805
0.044508304,1.0,0.044341493,1.0,0.36281442642211914
0.044341493,1.0,0.04417616,1.0,0.3634073734283447
0.04417616,1.0,0.044012543,1.0,0.3639953136444092
0.044012543,1.0,0.04407569,1.0,0.364591121673584
0.04407569,1.0,0.04392737,1.0,0.3651888370513916
0.04392737,1.0,0.043764487,1.0,0.3657820224761963
0.043764487,1.0,0.043603145,1.0,0.3663749694824219
0.043603145,1.0,0.04344329,1.0,0.3669719696044922
0.04344329,1.0,0.04343357,1.0,0.36756229400634766
0.04343357,1.0,0.043360222,1.0,0.36815381050109863
0.043360222,1.0,0.043201108,1.0,0.3687443733215332
0.043201108,1.0,0.043043535,1.0,0.36934423446655273
0.043043535,1.0,0.04288751,1.0,0.36993861198425293
0.04288751,1.0,0.04280761,1.0,0.3705301284790039
0.04280761,1.0,0.042806454,1.0,0.37111806869506836
0.042806454,1.0,0.042650998,1.0,0.37170910835266113
0.042650998,1.0,0.042497147,1.0,0.37230563163757324
0.042497147,1.0,0.042344663,1.0,0.37289929389953613
0.042344663,1.0,0.042197064,1.0,0.3735060691833496
0.042197064,1.0,0.042265475,1.0,0.3740963935852051
0.042265475,1.0,0.042113688,1.0,0.3746945858001709
0.042113688,1.0,0.041963335,1.0,0.375286340713501
0.041963335,1.0,0.041814353,1.0,0.37587809562683105
0.041814353,1.0,0.041666683,1.0,0.37647008895874023
0.041666683,1.0,0.041670676,1.0,0.37706875801086426
0.041670676,1.0,0.04159094,1.0,0.37766551971435547
0.04159094,1.0,0.04144397,1.0,0.37825512886047363
0.04144397,1.0,0.041298267,1.0,0.3788468837738037
0.041298267,1.0,0.04115399,1.0,0.37944555282592773
0.04115399,1.0,0.041079577,1.0,0.3800361156463623
0.041079577,1.0,0.041079897,1.0,0.38062596321105957
0.041079897,1.0,0.040936157,1.0,0.3812251091003418
0.040936157,1.0,0.04079373,1.0,0.3818180561065674
0.04079373,1.0,0.04065262,1.0,0.38240814208984375
0.04065262,1.0,0.04051283,1.0,0.3829987049102783
0.04051283,1.0,0.040569738,1.0,0.3835866451263428
0.040569738,1.0,0.040441692,1.0,0.38417840003967285
0.040441692,1.0,0.04030244,1.0,0.38477230072021484
0.04030244,1.0,0.04016433,1.0,0.3853745460510254
0.04016433,1.0,0.04002748,1.0,0.38596558570861816
0.04002748,1.0,0.039998576,1.0,0.3865630626678467
0.039998576,1.0,0.03995791,1.0,0.38715600967407227
0.03995791,1.0,0.039821662,1.0,0.38774609565734863
0.039821662,1.0,0.03968656,1.0,0.3883345127105713
0.03968656,1.0,0.039552663,1.0,0.3889281749725342
0.039552663,1.0,0.039442204,1.0,0.3895275592803955
0.039442204,1.0,0.039484613,1.0,0.3901183605194092
0.039484613,1.0,0.039351203,1.0,0.39070701599121094
0.039351203,1.0,0.039218996,1.0,0.3912975788116455
0.039218996,1.0,0.03908794,1.0,0.39189672470092773
0.03908794,1.0,0.03895803,1.0,0.3925492763519287
0.03895803,1.0,0.038962238,1.0,0.39315366744995117
0.038962238,1.0,0.038892627,1.0,0.3937492370605469
0.038892627,1.0,0.03876315,1.0,0.39434337615966797
0.03876315,1.0,0.03863488,1.0,0.39493370056152344
0.03863488,1.0,0.03850764,1.0,0.39552998542785645
0.03850764,1.0,0.038425036,1.0,0.3961184024810791
0.038425036,1.0,0.03844355,1.0,0.39670872688293457
0.03844355,1.0,0.03831681,1.0,0.3973081111907959
0.03831681,1.0,0.038191162,1.0,0.3979010581970215
0.038191162,1.0,0.0380666,1.0,0.3984971046447754
0.0380666,1.0,0.03794308,1.0,0.39908766746520996
0.03794308,1.0,0.03796144,1.0,0.39967775344848633
0.03796144,1.0,0.037881415,1.0,0.4002718925476074
0.037881415,1.0,0.037758335,1.0,0.40085935592651367
0.037758335,1.0,0.037636228,1.0,0.4014577865600586
0.037636228,1.0,0.03751521,1.0,0.4020524024963379
0.03751521,1.0,0.037443265,1.0,0.4026482105255127
0.037443265,1.0,0.03745477,1.0,0.4032409191131592
0.03745477,1.0,0.037334144,1.0,0.40383172035217285
0.037334144,1.0,0.03721455,1.0,0.4044301509857178
0.03721455,1.0,0.037095938,1.0,0.4050254821777344
0.037095938,1.0,0.036978353,1.0,0.4056260585784912
0.036978353,1.0,0.03699609,1.0,0.4062182903289795
0.03699609,1.0,0.036920078,1.0,0.40680718421936035
0.036920078,1.0,0.036802832,1.0,0.4073977470397949
0.036802832,1.0,0.036686618,1.0,0.4079923629760742
0.036686618,1.0,0.036571324,1.0,0.408583402633667
0.036571324,1.0,0.036496807,1.0,0.4092130661010742
0.036496807,1.0,0.036514055,1.0,0.409808874130249
0.036514055,1.0,0.036399156,1.0,0.410400390625
0.036399156,1.0,0.03628518,1.0,0.4109973907470703
0.03628518,1.0,0.036172237,1.0,0.4115869998931885
0.036172237,1.0,0.036060043,1.0,0.41217708587646484
0.036060043,1.0,0.036065724,1.0,0.4127676486968994
0.036065724,1.0,0.036004897,1.0,0.41336798667907715
0.036004897,1.0,0.035893098,1.0,0.41396021842956543
0.035893098,1.0,0.03578228,1.0,0.41455507278442383
0.03578228,1.0,0.035672266,1.0,0.4151453971862793
0.035672266,1.0,0.03558487,1.0,0.41573596000671387
0.03558487,1.0,0.035618026,1.0,0.41632556915283203
0.035618026,1.0,0.035508413,1.0,0.4169187545776367
0.035508413,1.0,0.035399664,1.0,0.4175264835357666
0.035399664,1.0,0.035291836,1.0,0.4181194305419922
0.035291836,1.0,0.035184868,1.0,0.4187202453613281
0.035184868,1.0,0.035169613,1.0,0.4193096160888672
0.035169613,1.0,0.035132483,1.0,0.41990113258361816
0.035132483,1.0,0.035025746,1.0,0.42049169540405273
0.035025746,1.0,0.034919992,1.0,0.42108750343322754
0.034919992,1.0,0.034814984,1.0,0.42168235778808594
0.034814984,1.0,0.03471078,1.0,0.4222722053527832
0.03471078,1.0,0.034758583,1.0,0.422865629196167
0.034758583,1.0,0.034660134,1.0,0.4234592914581299
0.034660134,1.0,0.03455628,1.0,0.4240550994873047
0.03455628,1.0,0.03445323,1.0,0.42464756965637207
0.03445323,1.0,0.034350935,1.0,0.4252490997314453
0.034350935,1.0,0.034301266,1.0,0.4258391857147217
0.034301266,1.0,0.034301158,1.0,0.42643165588378906
0.034301158,1.0,0.03419921,1.0,0.427020788192749
0.03419921,1.0,0.034098014,1.0,0.4276134967803955
0.034098014,1.0,0.033997566,1.0,0.428208589553833
0.033997566,1.0,0.033898037,1.0,0.4287996292114258
0.033898037,1.0,0.03390601,1.0,0.4293961524963379
0.03390601,1.0,0.033849787,1.0,0.42999768257141113
0.033849787,1.0,0.033750437,1.0,0.4305906295776367
0.033750437,1.0,0.033651896,1.0,0.431182861328125
0.033651896,1.0,0.033554103,1.0,0.43177199363708496
0.033554103,1.0,0.033466365,1.0,0.43237900733947754
0.033466365,1.0,0.033506684,1.0,0.4329698085784912
0.033506684,1.0,0.033409074,1.0,0.43356990814208984
0.033409074,1.0,0.03331233,1.0,0.4341623783111572
0.03331233,1.0,0.03321622,1.0,0.4347529411315918
0.03321622,1.0,0.03312086,1.0,0.4353456497192383
0.03312086,1.0,0.0330863,1.0,0.4359407424926758
0.0330863,1.0,0.033074915,1.0,0.43653082847595215
0.033074915,1.0,0.032979857,1.0,0.43712568283081055
0.032979857,1.0,0.032885432,1.0,0.43772387504577637
0.032885432,1.0,0.032791812,1.0,0.4383373260498047
0.032791812,1.0,0.03269883,1.0,0.43892693519592285
0.03269883,1.0,0.03271056,1.0,0.43952298164367676
0.03271056,1.0,0.03265431,1.0,0.4401097297668457
0.03265431,1.0,0.03256157,1.0,0.44069981575012207
0.03256157,1.0,0.03246958,1.0,0.4412975311279297
0.03246958,1.0,0.032378167,1.0,0.4418962001800537
0.032378167,1.0,0.032293152,1.0,0.4424915313720703
0.032293152,1.0,0.032334324,1.0,0.4430859088897705
0.032334324,1.0,0.032243215,1.0,0.4436767101287842
0.032243215,1.0,0.03215274,1.0,0.44426798820495605
0.03215274,1.0,0.03206296,1.0,0.44486236572265625
0.03206296,1.0,0.03197387,1.0,0.445497989654541
0.03197387,1.0,0.03193217,1.0,0.4460914134979248
0.03193217,1.0,0.031931344,1.0,0.4466831684112549
0.031931344,1.0,0.031842448,1.0,0.4472789764404297
0.031842448,1.0,0.03175418,1.0,0.4478719234466553
0.03175418,1.0,0.031666555,1.0,0.44846296310424805
0.031666555,1.0,0.031579502,1.0,0.4490656852722168
0.031579502,1.0,0.031575516,1.0,0.4496610164642334
0.031575516,1.0,0.031538308,1.0,0.4502532482147217
0.031538308,1.0,0.031451505,1.0,0.4508395195007324
0.031451505,1.0,0.03136534,1.0,0.45142626762390137
0.03136534,1.0,0.031279806,1.0,0.45201659202575684
0.031279806,1.0,0.03119491,1.0,0.4526090621948242
0.03119491,1.0,0.031223295,1.0,0.4532043933868408
0.031223295,1.0,0.031154815,1.0,0.4537968635559082
0.031154815,1.0,0.031070111,1.0,0.4543912410736084
0.031070111,1.0,0.030985987,1.0,0.45499634742736816
0.030985987,1.0,0.03090238,1.0,0.45558619499206543
0.03090238,1.0,0.030832835,1.0,0.4561755657196045
0.030832835,1.0,0.03086286,1.0,0.4567697048187256
0.03086286,1.0,0.03077951,1.0,0.45737314224243164
0.03077951,1.0,0.030696793,1.0,0.4579651355743408
0.030696793,1.0,0.030614654,1.0,0.4585566520690918
0.030614654,1.0,0.030533094,1.0,0.45914673805236816
0.030533094,1.0,0.03049495,1.0,0.45974302291870117
0.03049495,1.0,0.030494625,1.0,0.46033358573913574
0.030494625,1.0,0.030413259,1.0,0.4609251022338867
0.030413259,1.0,0.030332414,1.0,0.4615516662597656
0.030332414,1.0,0.03025215,1.0,0.4621455669403076
0.03025215,1.0,0.030172462,1.0,0.4627392292022705
0.030172462,1.0,0.030161278,1.0,0.4633305072784424
0.030161278,1.0,0.030135108,1.0,0.46392345428466797
0.030135108,1.0,0.030055502,1.0,0.46451783180236816
0.030055502,1.0,0.02997659,1.0,0.4651167392730713
0.02997659,1.0,0.029898081,1.0,0.4657130241394043
0.029898081,1.0,0.02982021,1.0,0.46630406379699707
0.02982021,1.0,0.029832043,1.0,0.46689653396606445
0.029832043,1.0,0.029783858,1.0,0.46748995780944824
0.029783858,1.0,0.029706186,1.0,0.46808886528015137
0.029706186,1.0,0.029628918,1.0,0.4686853885650635
0.029628918,1.0,0.029552229,1.0,0.46928834915161133
0.029552229,1.0,0.029476061,1.0,0.4698822498321533
0.029476061,1.0,0.029507296,1.0,0.4704756736755371
0.029507296,1.0,0.029440712,1.0,0.4710690975189209
0.029440712,1.0,0.029364686,1.0,0.471665620803833
0.029364686,1.0,0.029289182,1.0,0.47226476669311523
0.029289182,1.0,0.029214198,1.0,0.47285914421081543
0.029214198,1.0,0.029148024,1.0,0.47345805168151855
0.029148024,1.0,0.029179271,1.0,0.47408366203308105
0.029179271,1.0,0.02910449,1.0,0.47467875480651855
0.02910449,1.0,0.029030113,1.0,0.47527074813842773
0.029030113,1.0,0.028956313,1.0,0.4758627414703369
0.028956313,1.0,0.02888298,1.0,0.4764597415924072
0.02888298,1.0,0.028836757,1.0,0.47705864906311035
0.028836757,1.0,0.02884895,1.0,0.47765398025512695
0.02884895,1.0,0.028775817,1.0,0.47824859619140625
0.028775817,1.0,0.02870309,1.0,0.4788398742675781
0.02870309,1.0,0.028630827,1.0,0.4794316291809082
0.028630827,1.0,0.028559081,1.0,0.4800262451171875
0.028559081,1.0,0.028529644,1.0,0.4806253910064697
0.028529644,1.0,0.028525954,1.0,0.4812283515930176
0.028525954,1.0,0.028454416,1.0,0.48182082176208496
0.028454416,1.0,0.028383225,1.0,0.48241090774536133
0.028383225,1.0,0.028312553,1.0,0.4830029010772705
0.028312553,1.0,0.028242348,1.0,0.4835972785949707
0.028242348,1.0,0.02822681,1.0,0.4841928482055664
0.02822681,1.0,0.028210122,1.0,0.4847872257232666
0.028210122,1.0,0.028140062,1.0,0.48542356491088867
0.028140062,1.0,0.028070407,1.0,0.48604679107666016
0.028070407,1.0,0.028001219,1.0,0.48670363426208496
0.028001219,1.0,0.027932547,1.0,0.48730015754699707
0.027932547,1.0,0.027928242,1.0,0.48789453506469727
0.027928242,1.0,0.027901053,1.0,0.48848772048950195
0.027901053,1.0,0.027832475,1.0,0.4890866279602051
0.027832475,1.0,0.027764302,1.0,0.48967981338500977
0.027764302,1.0,0.027696649,1.0,0.49027419090270996
0.027696649,1.0,0.027629286,1.0,0.49086856842041016
0.027629286,1.0,0.027633894,1.0,0.49146366119384766
0.027633894,1.0,0.027598586,1.0,0.49205756187438965
0.027598586,1.0,0.02753143,1.0,0.49264979362487793
0.02753143,1.0,0.027464738,1.0,0.49326133728027344
0.027464738,1.0,0.027398394,1.0,0.4938540458679199
0.027398394,1.0,0.027332515,1.0,0.4944465160369873
0.027332515,1.0,0.027343934,1.0,0.49505019187927246
0.027343934,1.0,0.027302608,1.0,0.49564242362976074
0.027302608,1.0,0.027236763,1.0,0.49623560905456543
0.027236763,1.0,0.02717144,1.0,0.4968278408050537
0.02717144,1.0,0.027106464,1.0,0.49742674827575684
0.027106464,1.0,0.027041951,1.0,0.4980173110961914
0.027041951,1.0,0.027058192,1.0,0.4986107349395752
0.027058192,1.0,0.027012726,1.0,0.49919986724853516
0.027012726,1.0,0.026948309,1.0,0.4997978210449219
0.026948309,1.0,0.026884237,1.0,0.5003926753997803
0.026884237,1.0,0.02682063,1.0,0.5009846687316895
0.02682063,1.0,0.026757313,1.0,0.5015823841094971
0.026757313,1.0,0.026776722,1.0,0.5021727085113525
0.026776722,1.0,0.026728831,1.0,0.5027644634246826
0.026728831,1.0,0.026665665,1.0,0.5033578872680664
0.026665665,1.0,0.026602905,1.0,0.5039482116699219
0.026602905,1.0,0.026540551,1.0,0.5045373439788818
0.026540551,1.0,0.026478546,1.0,0.5051367282867432
0.026478546,1.0,0.026499534,1.0,0.5057311058044434
0.026499534,1.0,0.026450695,1.0,0.5063266754150391
0.026450695,1.0,0.026388843,1.0,0.5069177150726318
0.026388843,1.0,0.026327338,1.0,0.5075094699859619
0.026327338,1.0,0.02626624,1.0,0.5080983638763428
0.02626624,1.0,0.02620549,1.0,0.5086915493011475
0.02620549,1.0,0.02622651,1.0,0.5092909336090088
0.02622651,1.0,0.026178211,1.0,0.5098798274993896
0.026178211,1.0,0.026117556,1.0,0.5104711055755615
0.026117556,1.0,0.026057249,1.0,0.5110640525817871
0.026057249,1.0,0.025997348,1.0,0.5116567611694336
0.025997348,1.0,0.025937794,1.0,0.5122542381286621
0.025937794,1.0,0.025957653,1.0,0.5128440856933594
0.025957653,1.0,0.025911152,1.0,0.5134437084197998
0.025911152,1.0,0.025851637,1.0,0.5140347480773926
0.025851637,1.0,0.02579253,1.0,0.5146241188049316
0.02579253,1.0,0.02573377,1.0,0.5152204036712646
0.02573377,1.0,0.02567536,1.0,0.5158200263977051
0.02567536,1.0,0.025692966,1.0,0.5164093971252441
0.025692966,1.0,0.025649294,1.0,0.5169985294342041
0.025649294,1.0,0.02559098,1.0,0.5175986289978027
0.02559098,1.0,0.025533015,1.0,0.5181882381439209
0.025533015,1.0,0.025475396,1.0,0.5187830924987793
0.025475396,1.0,0.025418129,1.0,0.5193767547607422
0.025418129,1.0,0.02543228,1.0,0.5199658870697021
0.02543228,1.0,0.025392642,1.0,0.5205566883087158
0.025392642,1.0,0.02533547,1.0,0.5211758613586426
0.02533547,1.0,0.025278533,1.0,0.5217676162719727
0.025278533,1.0,0.025222,1.0,0.5223536491394043
0.025222,1.0,0.025165873,1.0,0.5229437351226807
0.025165873,1.0,0.02517571,1.0,0.5235321521759033
0.02517571,1.0,0.025140913,1.0,0.5241215229034424
0.025140913,1.0,0.02508477,1.0,0.5247142314910889
0.02508477,1.0,0.025028974,1.0,0.5253145694732666
0.025028974,1.0,0.024973527,1.0,0.5259051322937012
0.024973527,1.0,0.02491837,1.0,0.5264937877655029
0.02491837,1.0,0.024923086,1.0,0.5270791053771973
0.024923086,1.0,0.024893936,1.0,0.5276682376861572
0.024893936,1.0,0.02483888,1.0,0.5282564163208008
0.02483888,1.0,0.024784112,1.0,0.5288441181182861
0.024784112,1.0,0.024729751,1.0,0.52944016456604
0.024729751,1.0,0.024675623,1.0,0.5300297737121582
0.024675623,1.0,0.024674412,1.0,0.5306189060211182
0.024674412,1.0,0.02465172,1.0,0.5312192440032959
0.02465172,1.0,0.02459769,1.0,0.5318121910095215
0.02459769,1.0,0.024543894,1.0,0.5324032306671143
0.024543894,1.0,0.024490505,1.0,0.5329940319061279
0.024490505,1.0,0.024437409,1.0,0.5335977077484131
0.024437409,1.0,0.024429638,1.0,0.534186840057373
0.024429638,1.0,0.02441403,1.0,0.5347747802734375
0.02441403,1.0,0.024360918,1.0,0.5353693962097168
0.024360918,1.0,0.02430821,1.0,0.5359630584716797
0.02430821,1.0,0.024255736,1.0,0.5365517139434814
0.024255736,1.0,0.02420361,1.0,0.5371537208557129
0.02420361,1.0,0.024188641,1.0,0.5377452373504639
0.024188641,1.0,0.024180707,1.0,0.5383391380310059
0.024180707,1.0,0.024128627,1.0,0.5389292240142822
0.024128627,1.0,0.024076832,1.0,0.5395185947418213
0.024076832,1.0,0.024025332,1.0,0.5401098728179932
0.024025332,1.0,0.02397412,1.0,0.5407023429870605
0.02397412,1.0,0.023951434,1.0,0.5413005352020264
0.023951434,1.0,0.023951694,1.0,0.5418868064880371
0.023951694,1.0,0.023900526,1.0,0.5424797534942627
0.023900526,1.0,0.023849707,1.0,0.5430705547332764
0.023849707,1.0,0.023799121,1.0,0.5436687469482422
0.023799121,1.0,0.023748826,1.0,0.544262170791626
0.023748826,1.0,0.023717957,1.0,0.5448517799377441
0.023717957,1.0,0.023726817,1.0,0.545447826385498
0.023726817,1.0,0.023676625,1.0,0.5460371971130371
0.023676625,1.0,0.023626663,1.0,0.5466301441192627
0.023626663,1.0,0.023576993,1.0,0.547217607498169
0.023576993,1.0,0.023527615,1.0,0.5478074550628662
0.023527615,1.0,0.023488097,1.0,0.5483975410461426
0.023488097,1.0,0.023506029,1.0,0.548985481262207
0.023506029,1.0,0.023456693,1.0,0.5495836734771729
0.023456693,1.0,0.02340765,1.0,0.5501892566680908
0.02340765,1.0,0.023358837,1.0,0.550788164138794
0.023358837,1.0,0.023310319,1.0,0.5513780117034912
0.023310319,1.0,0.02326203,1.0,0.5519685745239258
0.02326203,1.0,0.023288507,1.0,0.5525577068328857
0.023288507,1.0,0.023241159,1.0,0.5531561374664307
0.023241159,1.0,0.023192972,1.0,0.5537545680999756
0.023192972,1.0,0.023145024,1.0,0.554490327835083
0.023145024,1.0,0.023097362,1.0,0.5550832748413086
0.023097362,1.0,0.023049932,1.0,0.555678129196167
0.023049932,1.0,0.023063244,1.0,0.5562744140625
0.023063244,1.0,0.023029367,1.0,0.5568649768829346
0.023029367,1.0,0.022982044,1.0,0.5574688911437988
0.022982044,1.0,0.02293495,1.0,0.5580592155456543
0.02293495,1.0,0.022888092,1.0,0.558650016784668
0.022888092,1.0,0.022841467,1.0,0.559241533279419
0.022841467,1.0,0.0228416,1.0,0.5598340034484863
0.0228416,1.0,0.022821326,1.0,0.5604257583618164
0.022821326,1.0,0.022774745,1.0,0.5610198974609375
0.022774745,1.0,0.022728514,1.0,0.5616185665130615
0.022728514,1.0,0.022682399,1.0,0.562208890914917
0.022682399,1.0,0.022636576,1.0,0.562812089920044
0.022636576,1.0,0.022623526,1.0,0.5634064674377441
0.022623526,1.0,0.02261686,1.0,0.5639939308166504
0.02261686,1.0,0.022571083,1.0,0.5645833015441895
0.022571083,1.0,0.022525538,1.0,0.565178632736206
0.022525538,1.0,0.022480285,1.0,0.5657932758331299
0.022480285,1.0,0.022435263,1.0,0.5663843154907227
0.022435263,1.0,0.02240896,1.0,0.5669746398925781
0.02240896,1.0,0.022415861,1.0,0.5675661563873291
0.022415861,1.0,0.022370828,1.0,0.5681548118591309
0.022370828,1.0,0.022326086,1.0,0.5687437057495117
0.022326086,1.0,0.022281576,1.0,0.5693569183349609
0.022281576,1.0,0.0222373,1.0,0.5699489116668701
0.0222373,1.0,0.022197796,1.0,0.5705394744873047
0.022197796,1.0,0.02221821,1.0,0.5711283683776855
0.02221821,1.0,0.022174042,1.0,0.5717222690582275
0.022174042,1.0,0.022130046,1.0,0.5723121166229248
0.022130046,1.0,0.022086283,1.0,0.5729033946990967
0.022086283,1.0,0.022042695,1.0,0.5735006332397461
0.022042695,1.0,0.021999398,1.0,0.5740969181060791
0.021999398,1.0,0.022014355,1.0,0.5746908187866211
0.022014355,1.0,0.021980856,1.0,0.575284481048584
0.021980856,1.0,0.021937547,1.0,0.5758769512176514
0.021937547,1.0,0.02189453,1.0,0.576467752456665
0.02189453,1.0,0.021851689,1.0,0.5770630836486816
0.021851689,1.0,0.021809082,1.0,0.5776567459106445
0.021809082,1.0,0.021807622,1.0,0.5782499313354492
0.021807622,1.0,0.02179091,1.0,0.5788693428039551
0.02179091,1.0,0.02174835,1.0,0.5794641971588135
0.02174835,1.0,0.021706022,1.0,0.5800578594207764
0.021706022,1.0,0.021663811,1.0,0.5806527137756348
0.021663811,1.0,0.02162195,1.0,0.5813138484954834
0.02162195,1.0,0.02160435,1.0,0.5819165706634521
0.02160435,1.0,0.021604097,1.0,0.5825097560882568
0.021604097,1.0,0.021562165,1.0,0.5830988883972168
0.021562165,1.0,0.021520525,1.0,0.5836882591247559
0.021520525,1.0,0.021479063,1.0,0.5842790603637695
0.021479063,1.0,0.021437831,1.0,0.5848672389984131
0.021437831,1.0,0.021404307,1.0,0.5854620933532715
0.021404307,1.0,0.021420293,1.0,0.5860531330108643
0.021420293,1.0,0.02137911,1.0,0.5866477489471436
0.02137911,1.0,0.021338103,1.0,0.5872399806976318
0.021338103,1.0,0.02129733,1.0,0.5878572463989258
0.02129733,1.0,0.021256728,1.0,0.5884480476379395
0.021256728,1.0,0.021216305,1.0,0.5890436172485352
0.021216305,1.0,0.021230413,1.0,0.5896375179290771
0.021230413,1.0,0.02119926,1.0,0.5902297496795654
0.02119926,1.0,0.021158945,1.0,0.5908215045928955
0.021158945,1.0,0.0211188,1.0,0.5914127826690674
0.0211188,1.0,0.02107883,1.0,0.592003345489502
0.02107883,1.0,0.02103904,1.0,0.5925915241241455
0.02103904,1.0,0.021034809,1.0,0.5931906700134277
0.021034809,1.0,0.021022314,1.0,0.5937821865081787
0.021022314,1.0,0.020982571,1.0,0.5943927764892578
0.020982571,1.0,0.020943118,1.0,0.5949833393096924
0.020943118,1.0,0.020903723,1.0,0.5955750942230225
0.020903723,1.0,0.020864679,1.0,0.5962100028991699
0.020864679,1.0,0.020842383,1.0,0.5968012809753418
0.020842383,1.0,0.0208481,1.0,0.5973997116088867
0.0208481,1.0,0.020809045,1.0,0.5979909896850586
0.020809045,1.0,0.020770108,1.0,0.5985832214355469
0.020770108,1.0,0.020731404,1.0,0.5991721153259277
0.020731404,1.0,0.020692877,1.0,0.5997660160064697
0.020692877,1.0,0.020654581,1.0,0.6003596782684326
0.020654581,1.0,0.020674955,1.0,0.6009621620178223
0.020674955,1.0,0.0206385,1.0,0.6015627384185791
0.0206385,1.0,0.020600252,1.0,0.6021523475646973
0.020600252,1.0,0.020562066,1.0,0.6027476787567139
0.020562066,1.0,0.02052417,1.0,0.6033384799957275
